InvoiceNo,StockCode,Description,Quantity,InvoiceDate,UnitPrice,CustomerID,Country,source_file,is_cancellation,line_total
556890,85099B,JUMBO BAG RED RETROSPOT,30,2011-06-15 12:48:00,2.08,17581.0,United Kingdom,online_retail_I,False,62.400000000000006
534441,47310M,"SMALL POP BOX,FUNKY MONKEY",12,2010-11-22 15:19:00,1.25,13643.0,United Kingdom,online_retail_II,False,15.0
522914,22698,PINK REGENCY TEACUP AND SAUCER,6,2010-09-17 13:53:00,2.95,17139.0,United Kingdom,online_retail_II,False,17.700000000000003
502872,84946,ANTIQUE SILVER TEA GLASS ETCHED,2,2010-03-29 09:59:00,2.51,,United Kingdom,online_retail_II,False,5.02
571409,23507,MINI PLAYING CARDS BUFFALO BILL ,20,2011-10-17 12:25:00,0.42,14911.0,EIRE,online_retail_I,False,8.4
507238,22564,ALPHABET STENCIL CRAFT,12,2010-05-07 09:40:00,1.25,15680.0,United Kingdom,online_retail_II,False,15.0
573511,23480,MINI LIGHTS WOODLAND MUSHROOMS,12,2011-10-31 12:25:00,3.75,12347.0,Iceland,online_retail_I,False,45.0
569372,21212,PACK OF 72 RETROSPOT CAKE CASES,1,2011-10-03 16:04:00,1.25,,United Kingdom,online_retail_I,False,1.25
532618,48111,DOORMAT 3 SMILEY CATS,1,2010-11-12 15:23:00,14.43,,United Kingdom,online_retail_II,False,14.43
535379,21166,COOK WITH WINE METAL SIGN ,6,2010-11-25 18:56:00,1.95,15796.0,United Kingdom,online_retail_II,False,11.7
571244,22993,SET OF 4 PANTRY JELLY MOULDS,2,2011-10-14 15:46:00,1.25,17180.0,United Kingdom,online_retail_I,False,2.5
503790,21280,VINTAGE KITCHEN PRINT VEGETABLES,1,2010-04-07 12:45:00,2.55,13174.0,United Kingdom,online_retail_II,False,2.55
546122,21175,GIN + TONIC DIET METAL SIGN,1,2011-03-09 14:32:00,2.55,15581.0,United Kingdom,online_retail_I,False,2.55
575756,23322,LARGE WHITE HEART OF WICKER,1,2011-11-11 10:48:00,2.95,18118.0,United Kingdom,online_retail_I,False,2.95
558199,22064,PINK DOUGHNUT TRINKET POT ,10,2011-06-27 12:58:00,1.65,17110.0,United Kingdom,online_retail_I,False,16.5
550191,21654,RIDGED GLASS FINGER BOWL,6,2011-04-14 19:59:00,0.39,16806.0,United Kingdom,online_retail_I,False,2.34
510064,22528,GARDENERS KNEELING PAD,1,2010-05-27 10:56:00,2.51,,United Kingdom,online_retail_II,False,2.51
556526,23256,CHILDRENS CUTLERY SPACEBOY ,8,2011-06-13 11:33:00,4.15,12732.0,France,online_retail_I,False,33.2
521403,85123A,WHITE HANGING HEART T-LIGHT HOLDER,64,2010-09-06 10:19:00,2.55,12744.0,Singapore,online_retail_II,False,163.2
509041,21356,TOAST ITS - FAIRY FLOWER,12,2010-05-20 10:04:00,1.25,14334.0,United Kingdom,online_retail_II,False,15.0
567668,20724,RED RETROSPOT CHARLOTTE BAG,1,2011-09-21 15:29:00,1.63,,United Kingdom,online_retail_I,False,1.63
494659,15056BL,EDWARDIAN PARASOL BLACK,6,2010-01-17 13:41:00,4.95,17850.0,United Kingdom,online_retail_II,False,29.700000000000003
575176,23292,SPACEBOY CHILDRENS CUP,1,2011-11-08 18:29:00,2.46,,United Kingdom,online_retail_I,False,2.46
570237,22429,ENAMEL MEASURING JUG CREAM,2,2011-10-09 14:48:00,4.25,13212.0,United Kingdom,online_retail_I,False,8.5
500025,22483,RED GINGHAM TEDDY BEAR ,3,2010-03-04 11:11:00,2.95,15950.0,United Kingdom,online_retail_II,False,8.850000000000001
503976,47580,TEA TIME DES TEA COSY,1,2010-04-08 19:13:00,2.55,17602.0,United Kingdom,online_retail_II,False,2.55
559933,23317,BLUE REFECTORY CLOCK ,1,2011-07-14 09:54:00,9.95,16719.0,United Kingdom,online_retail_I,False,9.95
566605,23389,SPACEBOY MINI BACKPACK,1,2011-09-13 16:27:00,4.15,13263.0,United Kingdom,online_retail_I,False,4.15
503185,21871,SAVE THE PLANET MUG,2,2010-03-30 14:29:00,3.36,,United Kingdom,online_retail_II,False,6.72
511471,21390,FILIGRIS HEART WITH BUTTERFLY,6,2010-06-08 13:22:00,1.25,17449.0,United Kingdom,online_retail_II,False,7.5
577503,84997D,CHILDRENS CUTLERY POLKADOT PINK,2,2011-11-20 12:34:00,4.15,18110.0,United Kingdom,online_retail_I,False,8.3
568069,21213,PACK OF 72 SKULL CAKE CASES,24,2011-09-23 14:05:00,0.55,13336.0,United Kingdom,online_retail_I,False,13.200000000000001
492529,21740,COSY SLIPPER SHOES LARGE RED,2,2009-12-17 12:46:00,2.95,17377.0,United Kingdom,online_retail_II,False,5.9
501470,21429,RED GINGHAM ROSE JEWELLERY BOX,1,2010-03-16 16:18:00,1.65,17596.0,United Kingdom,online_retail_II,False,1.65
577297,22801,ANTIQUE GLASS PEDESTAL BOWL,1,2011-11-18 12:48:00,3.75,14593.0,United Kingdom,online_retail_I,False,3.75
570482,23310,BUBBLEGUM RING ASSORTED,36,2011-10-10 17:00:00,0.42,17459.0,United Kingdom,online_retail_I,False,15.12
527520,15056N,EDWARDIAN PARASOL NATURAL,7,2010-10-18 13:18:00,5.95,,United Kingdom,online_retail_II,False,41.65
C496287,79323W, WHITE CHERRY LIGHTS,-11,2010-01-29 17:03:00,5.45,17603.0,United Kingdom,online_retail_II,True,-59.95
564835,21544,SKULLS  WATER TRANSFER TATTOOS ,1,2011-08-30 12:31:00,1.63,,United Kingdom,online_retail_I,False,1.63
510772,21927,BLUE/CREAM STRIPE CUSHION COVER ,1,2010-06-03 14:02:00,5.91,,United Kingdom,online_retail_II,False,5.91
558761,85061W,WHITE JEWELLED HEART DECORATION,1,2011-07-03 12:52:00,0.85,15033.0,United Kingdom,online_retail_I,False,0.85
501476,22383,LUNCH BAG SUKI  DESIGN ,10,2010-03-17 08:59:00,1.65,15990.0,United Kingdom,online_retail_II,False,16.5
573909,21155,RED RETROSPOT PEG BAG,1,2011-11-01 15:26:00,2.55,17813.0,United Kingdom,online_retail_I,False,2.55
535398,21819,GLITTER CHRISTMAS STAR ,1,2010-11-26 11:00:00,0.85,18031.0,United Kingdom,online_retail_II,False,0.85
539595,22613,PACK OF 20 SPACEBOY NAPKINS,1,2010-12-20 13:43:00,1.66,,United Kingdom,online_retail_I,False,1.66
540545,22066,LOVE HEART TRINKET POT,4,2011-01-09 15:35:00,1.45,13451.0,United Kingdom,online_retail_I,False,5.8
572323,22155,STAR DECORATION RUSTIC,48,2011-10-24 09:46:00,0.42,14312.0,United Kingdom,online_retail_I,False,20.16
570103,23243,SET OF TEA COFFEE SUGAR TINS PANTRY,1,2011-10-07 12:18:00,4.95,15719.0,United Kingdom,online_retail_I,False,4.95
527492,21902,"KEY FOB , FRONT  DOOR ",1,2010-10-18 11:57:00,0.65,16395.0,United Kingdom,online_retail_II,False,0.65
566217,22577,WOODEN HEART CHRISTMAS SCANDINAVIAN,1,2011-09-09 15:17:00,1.63,14096.0,United Kingdom,online_retail_I,False,1.63
501277,21531,RETRO SPOT SUGAR JAM BOWL,24,2010-03-15 13:58:00,2.1,18051.0,United Kingdom,online_retail_II,False,50.400000000000006
490093,37447,CERAMIC CAKE DESIGN SPOTTED PLATE,24,2009-12-03 15:56:00,1.49,12949.0,United Kingdom,online_retail_II,False,35.76
498757,85214,TUB 24 PINK FLOWER PEGS,12,2010-02-22 16:49:00,1.65,14030.0,United Kingdom,online_retail_II,False,19.799999999999997
525882,21107,CREAM SLICE FLANNEL PINK SPOT ,1,2010-10-07 14:28:00,5.91,,United Kingdom,online_retail_II,False,5.91
521700,85175,CACTI T-LIGHT CANDLES,16,2010-09-08 10:54:00,0.42,14740.0,United Kingdom,online_retail_II,False,6.72
572552,47559B,TEA TIME OVEN GLOVE,2,2011-10-24 17:07:00,2.46,14096.0,United Kingdom,online_retail_I,False,4.92
525335,22105,MIRROR MOSAIC GOBLET CANDLE HOLDER,24,2010-10-05 11:24:00,1.25,14298.0,United Kingdom,online_retail_II,False,30.0
571797,23174,REGENCY SUGAR BOWL GREEN,1,2011-10-19 11:41:00,8.29,,United Kingdom,online_retail_I,False,8.29
550496,21907,I'M ON HOLIDAY METAL SIGN,1,2011-04-18 15:05:00,4.13,,United Kingdom,online_retail_I,False,4.13
572103,21369,MIRRORED WALL ART SPLODGES,1,2011-10-20 15:57:00,1.25,17571.0,United Kingdom,online_retail_I,False,1.25
524878,20846,ZINC HEART LATTICE T-LIGHT HOLDER,12,2010-10-01 10:43:00,1.25,12696.0,Finland,online_retail_II,False,15.0
559813,23236,DOILEY STORAGE TIN,6,2011-07-12 15:42:00,2.89,18272.0,United Kingdom,online_retail_I,False,17.34
542058,21700,BIG DOUGHNUT FRIDGE MAGNETS,24,2011-01-25 11:59:00,0.85,15601.0,United Kingdom,online_retail_I,False,20.4
575318,20668,DISCO BALL CHRISTMAS DECORATION,24,2011-11-09 13:17:00,0.12,14921.0,United Kingdom,online_retail_I,False,2.88
569261,16237,SLEEPING CAT ERASERS,5,2011-10-03 11:34:00,0.21,17321.0,United Kingdom,online_retail_I,False,1.05
494814,22054,MINI CAKE STAND HANGING HEARTS,1,2010-01-19 09:05:00,3.36,,United Kingdom,online_retail_II,False,3.36
568567,22028,PENNY FARTHING BIRTHDAY CARD,1,2011-09-27 18:41:00,0.83,,United Kingdom,online_retail_I,False,0.83
512435,84913B,MINT GREEN ROSE TOWEL,1,2010-06-15 15:54:00,3.36,,United Kingdom,online_retail_II,False,3.36
524628,22131,FOOD CONTAINER SET 3 LOVE HEART ,2,2010-09-30 10:56:00,1.95,14796.0,United Kingdom,online_retail_II,False,3.9
535997,21217,RED RETROSPOT ROUND CAKE TINS,1,2010-11-29 13:55:00,9.95,12935.0,United Kingdom,online_retail_II,False,9.95
581580,22704,WRAP RED APPLES ,25,2011-12-09 12:20:00,0.42,12748.0,United Kingdom,online_retail_I,False,10.5
550183,22423,REGENCY CAKESTAND 3 TIER,2,2011-04-14 17:58:00,12.75,14105.0,United Kingdom,online_retail_I,False,25.5
564719,22951,60 CAKE CASES DOLLY GIRL DESIGN,1,2011-08-28 11:55:00,0.55,15325.0,United Kingdom,online_retail_I,False,0.55
521811,22634,CHILDS BREAKFAST SET SPACEBOY ,2,2010-09-08 14:57:00,9.95,16713.0,United Kingdom,online_retail_II,False,19.9
505550,21059,PARTY INVITES DINOSAURS,12,2010-04-23 08:28:00,0.72,17448.0,United Kingdom,online_retail_II,False,8.64
527044,22867,HAND WARMER BIRD DESIGN,24,2010-10-14 12:41:00,2.1,13756.0,United Kingdom,online_retail_II,False,50.400000000000006
C494909,D,Discount,-30,2010-01-19 16:45:00,0.4,12931.0,United Kingdom,online_retail_II,True,-12.0
530280,21314,SMALL GLASS HEART TRINKET POT,4,2010-11-02 12:02:00,2.1,16117.0,United Kingdom,online_retail_II,False,8.4
580500,22077,6 RIBBONS RUSTIC CHARM,12,2011-12-04 12:52:00,1.95,17131.0,United Kingdom,online_retail_I,False,23.4
557112,84536B,FAIRY CAKES NOTEBOOK A7 SIZE,40,2011-06-16 16:31:00,0.42,,United Kingdom,online_retail_I,False,16.8
521202,47591B,SCOTTIES CHILDRENS APRON,4,2010-09-02 17:52:00,1.66,,United Kingdom,online_retail_II,False,6.64
498964,85041,SET/4 PINK ORCHID CANDLES IN BOWL,4,2010-02-24 11:28:00,1.65,15984.0,United Kingdom,online_retail_II,False,6.6
572550,23080,RED METAL BOX TOP SECRET,1,2011-10-24 17:06:00,16.63,,United Kingdom,online_retail_I,False,16.63
531843,90099,NECKLACE+BRACELET SET BLUE HIBISCUS,1,2010-11-10 09:34:00,5.06,,United Kingdom,online_retail_II,False,5.06
545082,21535,RED RETROSPOT SMALL MILK JUG,6,2011-02-28 10:37:00,2.55,16992.0,United Kingdom,online_retail_I,False,15.299999999999999
545216,84969,BOX OF 6 ASSORTED COLOUR TEASPOONS,2,2011-02-28 16:50:00,3.29,,United Kingdom,online_retail_I,False,6.58
498162,84989B,75 BLACK FAIRY CAKE CASES,24,2010-02-17 12:11:00,0.55,17560.0,United Kingdom,online_retail_II,False,13.200000000000001
C510217,79323GR,GREEN CHERRY LIGHTS,-4,2010-05-28 08:23:00,6.75,17049.0,United Kingdom,online_retail_II,True,-27.0
554701,15056BL,EDWARDIAN PARASOL BLACK,3,2011-05-26 09:33:00,5.95,12974.0,United Kingdom,online_retail_I,False,17.85
548894,22861,EASTER TIN CHICKS IN GARDEN,1,2011-04-04 16:01:00,3.29,,United Kingdom,online_retail_I,False,3.29
512437,DCGS0003,BOXED GLASS ASHTRAY,1,2010-06-15 16:17:00,2.51,,United Kingdom,online_retail_II,False,2.51
490963,21865,PINK UNION JACK  PASSPORT COVER ,3,2009-12-08 15:49:00,4.3,,United Kingdom,online_retail_II,False,12.899999999999999
515484,84375,SET OF 20 KIDS COOKIE CUTTERS,2,2010-07-13 10:25:00,1.95,17994.0,United Kingdom,online_retail_II,False,3.9
545883,85163A,WHITE BAROQUE WALL CLOCK ,1,2011-03-07 15:40:00,12.75,15974.0,United Kingdom,online_retail_I,False,12.75
513545,21411,GINGHAM HEART  DOORSTOP RED,3,2010-06-25 12:10:00,4.25,14326.0,United Kingdom,online_retail_II,False,12.75
563708,23202,JUMBO BAG VINTAGE LEAF,10,2011-08-18 15:09:00,2.08,17001.0,United Kingdom,online_retail_I,False,20.8
C559461,22383,LUNCH BAG SUKI DESIGN ,-1,2011-07-08 13:04:00,1.65,14680.0,United Kingdom,online_retail_I,True,-1.65
527971,21806,WHITE CHRISTMAS HEART DECORATION,36,2010-10-20 10:09:00,0.42,13373.0,United Kingdom,online_retail_II,False,15.12
506303,22358,KINGS CHOICE TEA CADDY ,6,2010-04-29 10:43:00,2.95,14249.0,United Kingdom,online_retail_II,False,17.700000000000003
541410,21126,SET OF 6 GIRLS CELEBRATION CANDLES,12,2011-01-17 16:06:00,1.25,13089.0,United Kingdom,online_retail_I,False,15.0
577127,22186,RED STAR CARD HOLDER,6,2011-11-17 19:27:00,2.95,16871.0,United Kingdom,online_retail_I,False,17.700000000000003
503867,84347,ROTATING SILVER ANGELS T-LIGHT HLDR,6,2010-04-08 11:16:00,2.55,13712.0,United Kingdom,online_retail_II,False,15.299999999999999
540552,22470,HEART OF WICKER LARGE,6,2011-01-10 09:44:00,2.95,16350.0,United Kingdom,online_retail_I,False,17.700000000000003
530139,84792,ENCHANTED BIRD COATHANGER 5 HOOK,24,2010-11-01 16:24:00,3.81,14426.0,United Kingdom,online_retail_II,False,91.44
566225,84992,72 SWEETHEART FAIRY CAKE CASES,1,2011-09-11 10:35:00,0.55,16899.0,United Kingdom,online_retail_I,False,0.55
529504,22769,CHALKBOARD KITCHEN ORGANISER,1,2010-10-28 14:19:00,24.95,,United Kingdom,online_retail_II,False,24.95
499973,84562A,PINK/WHITE RIBBED MELAMINE JUG,1,2010-03-03 14:42:00,7.95,13595.0,United Kingdom,online_retail_II,False,7.95
577519,23302,KNEELING MAT HOUSEWORK  DESIGN,4,2011-11-20 13:20:00,1.65,15044.0,United Kingdom,online_retail_I,False,6.6
541975,21949,SET OF 6 STRAWBERRY CHOPSTICKS,36,2011-01-24 14:24:00,1.25,,Hong Kong,online_retail_I,False,45.0
529727,22697,GREEN REGENCY TEACUP AND SAUCER,7,2010-10-29 14:12:00,5.91,,United Kingdom,online_retail_II,False,41.370000000000005
573130,23533,WALL ART GARDEN HAVEN ,3,2011-10-27 16:41:00,5.95,13969.0,United Kingdom,online_retail_I,False,17.85
514350,21238,RED SPOTTY CUP,8,2010-07-01 15:48:00,0.85,13317.0,United Kingdom,online_retail_II,False,6.8
528730,84997D,PINK 3 PIECE POLKADOT CUTLERY SET,1,2010-10-24 13:28:00,3.75,13574.0,United Kingdom,online_retail_II,False,3.75
493514,20911,,2,2010-01-04 15:09:00,0.0,,United Kingdom,online_retail_II,False,0.0
522999,22197,SMALL POPCORN HOLDER,1,2010-09-19 15:53:00,0.85,17255.0,United Kingdom,online_retail_II,False,0.85
566255,22698,PINK REGENCY TEACUP AND SAUCER,24,2011-09-11 12:23:00,2.55,13324.0,United Kingdom,online_retail_I,False,61.199999999999996
560686,20749,ASSORTED COLOUR MINI CASES,2,2011-07-20 11:50:00,7.95,15632.0,United Kingdom,online_retail_I,False,15.9
578067,22646,CERAMIC STRAWBERRY CAKE MONEY BANK,1,2011-11-22 15:43:00,3.29,,United Kingdom,online_retail_I,False,3.29
511132,21679,SKULLS  STICKERS,6,2010-06-07 11:23:00,0.85,17987.0,United Kingdom,online_retail_II,False,5.1
545334,21383,PACK OF 12 STICKY BUNNIES,5,2011-03-01 16:34:00,0.65,15750.0,United Kingdom,online_retail_I,False,3.25
520082,84755,COLOUR GLASS T-LIGHT HOLDER HANGING,144,2010-08-24 10:41:00,0.55,17511.0,United Kingdom,online_retail_II,False,79.2
529833,22306,SILVER MUG BONE CHINA TREE OF LIFE,2,2010-10-31 12:32:00,1.95,16791.0,United Kingdom,online_retail_II,False,3.9
535398,22906,12 MESSAGE CARDS WITH ENVELOPES,2,2010-11-26 11:00:00,1.65,18031.0,United Kingdom,online_retail_II,False,3.3
540866,21240,BLUE POLKADOT CUP,96,2011-01-12 11:21:00,0.72,17324.0,United Kingdom,online_retail_I,False,69.12
568702,22449,SILK PURSE BABUSHKA PINK,2,2011-09-28 15:18:00,3.35,17950.0,United Kingdom,online_retail_I,False,6.7
490017,21034,REX CASH+CARRY JUMBO SHOPPER,2,2009-12-03 12:31:00,0.95,14159.0,United Kingdom,online_retail_II,False,1.9
545701,85099C,JUMBO  BAG BAROQUE BLACK WHITE,20,2011-03-06 15:17:00,1.95,17107.0,United Kingdom,online_retail_I,False,39.0
574258,22993,SET OF 4 PANTRY JELLY MOULDS,1,2011-11-03 13:50:00,1.25,16891.0,United Kingdom,online_retail_I,False,1.25
568134,82583,HOT BATHS METAL SIGN,3,2011-09-23 17:02:00,4.13,,United Kingdom,online_retail_I,False,12.39
580727,22566,FELTCRAFT HAIRBAND PINK AND PURPLE,3,2011-12-05 17:17:00,1.63,14096.0,United Kingdom,online_retail_I,False,4.89
489792,22107,PIZZA PLATE IN BOX,2,2009-12-02 12:06:00,3.75,14527.0,United Kingdom,online_retail_II,False,7.5
489874,21588,RETRO SPOT GIANT  TUBE MATCHES,6,2009-12-02 15:38:00,2.55,18001.0,United Kingdom,online_retail_II,False,15.299999999999999
577235,23209,LUNCH BAG VINTAGE DOILY ,10,2011-11-18 12:09:00,1.65,14367.0,United Kingdom,online_retail_I,False,16.5
537773,15056N,EDWARDIAN PARASOL NATURAL,2,2010-12-08 12:36:00,5.95,16016.0,United Kingdom,online_retail_I,False,11.9
514823,22497,SET OF 2 TINS VINTAGE BATHROOM ,4,2010-07-06 12:19:00,4.25,12730.0,Germany,online_retail_II,False,17.0
530812,22272,FELTCRAFT DOLL MARIA,1,2010-11-04 13:05:00,2.95,15860.0,United Kingdom,online_retail_II,False,2.95
514279,21245,GREEN  SPOTTY PLATE ,2,2010-07-01 11:59:00,1.69,14451.0,United Kingdom,online_retail_II,False,3.38
515687,10123C,HEARTS WRAPPING TAPE ,1,2010-07-14 12:05:00,0.65,14896.0,United Kingdom,online_retail_II,False,0.65
551855,23254,CHILDRENS CUTLERY DOLLY GIRL ,2,2011-05-04 15:08:00,4.15,12836.0,United Kingdom,online_retail_I,False,8.3
554325,22352,LUNCH BOX WITH CUTLERY RETROSPOT ,12,2011-05-23 15:38:00,2.55,12621.0,Germany,online_retail_I,False,30.599999999999998
580054,21159,MOODY BOY  DOOR HANGER ,4,2011-12-01 13:08:00,0.39,18122.0,United Kingdom,online_retail_I,False,1.56
500843,22467,GUMBALL COAT RACK,2,2010-03-10 12:13:00,2.55,17348.0,United Kingdom,online_retail_II,False,5.1
530850,21531,RED RETROSPOT SUGAR JAM BOWL,1,2010-11-04 14:49:00,5.06,,United Kingdom,online_retail_II,False,5.06
512929,21314,SMALL GLASS HEART TRINKET POT,4,2010-06-20 11:50:00,2.1,16710.0,United Kingdom,online_retail_II,False,8.4
570592,22910,PAPER CHAIN KIT VINTAGE CHRISTMAS,1,2011-10-11 11:37:00,6.63,,United Kingdom,online_retail_I,False,6.63
517460,22687,DOORMAT CHRISTMAS VILLAGE,2,2010-07-29 11:34:00,7.49,14110.0,United Kingdom,online_retail_II,False,14.98
580311,23534,WALL ART STOP FOR TEA ,3,2011-12-02 14:48:00,5.95,18245.0,United Kingdom,online_retail_I,False,17.85
511068,84992,72 SWEETHEART FAIRY CAKE CASES,24,2010-06-06 13:11:00,0.55,14208.0,United Kingdom,online_retail_II,False,13.200000000000001
525854,21217,RED RETROSPOT ROUND CAKE TINS,1,2010-10-07 12:51:00,9.95,13567.0,United Kingdom,online_retail_II,False,9.95
548162,84997c,CHILDRENS CUTLERY POLKADOT BLUE,6,2011-03-29 13:42:00,8.29,,United Kingdom,online_retail_I,False,49.739999999999995
581407,21755,LOVE BUILDING BLOCK WORD,1,2011-12-08 13:59:00,6.25,13263.0,United Kingdom,online_retail_I,False,6.25
557007,22384,LUNCH BAG PINK POLKADOT,12,2011-06-16 11:30:00,1.65,12484.0,Spain,online_retail_I,False,19.799999999999997
552624,21534,DAIRY MAID LARGE MILK JUG,1,2011-05-10 12:53:00,4.95,14505.0,United Kingdom,online_retail_I,False,4.95
546896,82580,BATHROOM METAL SIGN,1,2011-03-17 18:24:00,1.25,,United Kingdom,online_retail_I,False,1.25
555076,22923,FRIDGE MAGNETS LES ENFANTS ASSORTED,12,2011-05-31 12:11:00,0.85,13900.0,United Kingdom,online_retail_I,False,10.2
489857,20906,VINTAGE NOTEBOOK BEAUTY GIRL,2,2009-12-02 14:43:00,6.04,,United Kingdom,online_retail_II,False,12.08
562258,22620,4 TRADITIONAL SPINNING TOPS,2,2011-08-03 15:28:00,1.45,16348.0,United Kingdom,online_retail_I,False,2.9
526138,22950,SET OF 36 DOILIES VINTAGE CHRISTMAS,12,2010-10-08 14:35:00,1.45,15622.0,United Kingdom,online_retail_II,False,17.4
571837,23493,VINTAGE DOILY TRAVEL SEWING KIT,3,2011-10-19 12:11:00,1.95,16470.0,United Kingdom,online_retail_I,False,5.85
490009,84380,SET OF 3 BUTTERFLY COOKIE CUTTERS,1,2009-12-03 12:13:00,1.25,12835.0,United Kingdom,online_retail_II,False,1.25
580730,22421,LIPSTICK PEN FUSCHIA,1,2011-12-05 17:28:00,0.83,,United Kingdom,online_retail_I,False,0.83
508733,20716,PARTY FOOD SHOPPER BAG,10,2010-05-18 10:34:00,1.25,15622.0,United Kingdom,online_retail_II,False,12.5
558535,22467,GUMBALL COAT RACK,1,2011-06-30 12:04:00,2.55,16904.0,United Kingdom,online_retail_I,False,2.55
565598,22728,ALARM CLOCK BAKELIKE PINK,4,2011-09-05 14:30:00,3.75,14842.0,United Kingdom,online_retail_I,False,15.0
556041,62018,SOMBRERO ,9,2011-06-08 12:44:00,1.95,17954.0,United Kingdom,online_retail_I,False,17.55
545991,21523,DOORMAT FANCY FONT HOME SWEET HOME,10,2011-03-08 13:12:00,6.75,15311.0,United Kingdom,online_retail_I,False,67.5
537670,22111,SCOTTIE DOG HOT WATER BOTTLE,24,2010-12-08 09:07:00,4.25,13078.0,United Kingdom,online_retail_I,False,102.0
560444,47590B,PINK HAPPY BIRTHDAY BUNTING,2,2011-07-18 17:15:00,5.45,13764.0,United Kingdom,online_retail_I,False,10.9
520857,21135,VICTORIAN  METAL POSTCARD SPRING,3,2010-08-31 13:41:00,1.69,17126.0,United Kingdom,online_retail_II,False,5.07
501806,21918,SET 12 KIDS COLOUR  CHALK STICKS,12,2010-03-19 14:02:00,0.42,17673.0,United Kingdom,online_retail_II,False,5.04
510875,90025A,,-2,2010-06-04 09:58:00,0.0,,United Kingdom,online_retail_II,False,-0.0
522315,22218,CAKE STAND LACE WHITE,1,2010-09-13 15:14:00,8.47,,United Kingdom,online_retail_II,False,8.47
570444,21181,PLEASE ONE PERSON METAL SIGN,2,2011-10-10 14:38:00,2.1,17284.0,United Kingdom,online_retail_I,False,4.2
494012,21780,MA CAMPAGNE 4 DRAWER WALL SHELF,7,2010-01-11 09:31:00,11.26,,United Kingdom,online_retail_II,False,78.82
496068,21428,SET3 BOOK BOX GREEN GINGHAM FLOWER ,20,2010-01-28 15:57:00,3.75,12931.0,United Kingdom,online_retail_II,False,75.0
529133,21169,YOU'RE CONFUSING ME METAL SIGN ,1,2010-10-26 14:47:00,4.21,,United Kingdom,online_retail_II,False,4.21
536544,21913,VINTAGE SEASIDE JIGSAW PUZZLES,1,2010-12-01 14:32:00,7.62,,United Kingdom,online_retail_I,False,7.62
514097,17091B,JASMINE TEA INCENSE IN TIN,1,2010-06-30 12:27:00,2.51,,United Kingdom,online_retail_II,False,2.51
543982,22078,RIBBON REEL LACE DESIGN ,10,2011-02-15 08:21:00,2.1,15358.0,United Kingdom,online_retail_I,False,21.0
578270,21929,JUMBO BAG PINK VINTAGE PAISLEY,3,2011-11-23 13:39:00,4.13,14096.0,United Kingdom,online_retail_I,False,12.39
524112,22818,CARD CHRISTMAS VILLAGE,12,2010-09-27 13:24:00,0.42,15358.0,United Kingdom,online_retail_II,False,5.04
551983,20712,JUMBO BAG WOODLAND ANIMALS,10,2011-05-05 14:32:00,2.08,17735.0,United Kingdom,online_retail_I,False,20.8
572030,22950,36 DOILIES VINTAGE CHRISTMAS,12,2011-10-20 11:51:00,1.45,14923.0,United Kingdom,online_retail_I,False,17.4
514471,48173C,DOORMAT BLACK FLOCK ,1,2010-07-02 13:25:00,6.35,12748.0,United Kingdom,online_retail_II,False,6.35
539958,90059A,DIAMANTE HAIR GRIP PACK/2 CRYSTAL,1,2010-12-23 13:26:00,1.69,,United Kingdom,online_retail_I,False,1.69
500094,20969,RED FLORAL FELTCRAFT SHOULDER BAG,1,2010-03-04 12:24:00,3.75,15005.0,United Kingdom,online_retail_II,False,3.75
576090,21166,COOK WITH WINE METAL SIGN ,192,2011-11-14 08:56:00,2.4,17450.0,United Kingdom,online_retail_I,False,460.79999999999995
560772,23004,TRAVEL CARD WALLET PANTRY,2,2011-07-20 16:12:00,0.83,,United Kingdom,online_retail_I,False,1.66
551010,21428,SET3 BOOK BOX GREEN GINGHAM FLOWER ,2,2011-04-26 09:52:00,8.29,,United Kingdom,online_retail_I,False,16.58
574098,22619,SET OF 6 SOLDIER SKITTLES,4,2011-11-03 10:03:00,3.75,16337.0,United Kingdom,online_retail_I,False,15.0
C564964,22698,PINK REGENCY TEACUP AND SAUCER,-2,2011-08-31 15:00:00,2.95,17315.0,United Kingdom,online_retail_I,True,-5.9
495591,21669,BLUE STRIPE CERAMIC DRAWER KNOB,192,2010-01-26 10:25:00,1.06,14646.0,Netherlands,online_retail_II,False,203.52
490719,85090,CANDY SPOT APRON,3,2009-12-07 15:42:00,4.65,13042.0,United Kingdom,online_retail_II,False,13.950000000000001
521665,84970S,HANGING HEART ZINC T-LIGHT HOLDER,24,2010-09-07 15:01:00,0.85,15674.0,United Kingdom,online_retail_II,False,20.4
497918,22109,FULL ENGLISH BREAKFAST PLATE,1,2010-02-14 15:22:00,3.75,17841.0,United Kingdom,online_retail_II,False,3.75
567794,21930,JUMBO STORAGE BAG SKULLS,20,2011-09-22 11:41:00,1.79,17581.0,United Kingdom,online_retail_I,False,35.8
564536,22742,MAKE YOUR OWN PLAYTIME CARD KIT,3,2011-08-25 15:12:00,2.95,13159.0,United Kingdom,online_retail_I,False,8.850000000000001
525951,84968C,SET OF 16 VINTAGE PISTACHIO CUTLERY,1,2010-10-07 18:48:00,12.75,14998.0,United Kingdom,online_retail_II,False,12.75
490957,21781,MA CAMPAGNE CUTLERY BOX,2,2009-12-08 15:12:00,14.95,15823.0,United Kingdom,online_retail_II,False,29.9
526894,22584,PACK OF 6 PANNETONE GIFT BOXES,6,2010-10-13 14:52:00,2.55,12471.0,Germany,online_retail_II,False,15.299999999999999
519811,22554,PLASTERS IN TIN WOODLAND ANIMALS,36,2010-08-20 12:53:00,1.65,13520.0,Switzerland,online_retail_II,False,59.4
491041,85049E,SCANDINAVIAN REDS RIBBONS,2,2009-12-09 09:42:00,2.57,,United Kingdom,online_retail_II,False,5.14
525728,20956,PORCELAIN T-LIGHT HOLDERS ASSORTED,24,2010-10-06 15:34:00,1.25,16873.0,United Kingdom,online_retail_II,False,30.0
568537,22423,REGENCY CAKESTAND 3 TIER,40,2011-09-27 14:04:00,10.95,15061.0,United Kingdom,online_retail_I,False,438.0
532315,22086,PAPER CHAIN KIT 50'S CHRISTMAS ,4,2010-11-11 14:42:00,2.95,17980.0,United Kingdom,online_retail_II,False,11.8
572550,22792,FLUTED ANTIQUE CANDLE HOLDER,2,2011-10-24 17:06:00,1.63,,United Kingdom,online_retail_I,False,3.26
564375,82600,NO SINGING METAL SIGN,48,2011-08-25 10:16:00,1.85,13078.0,United Kingdom,online_retail_I,False,88.80000000000001
525709,22452,MEASURING TAPE BABUSHKA PINK,1,2010-10-06 13:44:00,2.95,13554.0,United Kingdom,online_retail_II,False,2.95
533074,22423,REGENCY CAKESTAND 3 TIER,16,2010-11-16 07:52:00,10.95,14298.0,United Kingdom,online_retail_II,False,175.2
548659,22045,SPACEBOY GIFT WRAP,25,2011-04-01 14:19:00,0.42,13418.0,United Kingdom,online_retail_I,False,10.5
503116,84968C,S/16 VINTAGE PISTACHIO CUTLERY,1,2010-03-30 11:39:00,12.75,12861.0,United Kingdom,online_retail_II,False,12.75
567140,23175,REGENCY MILK JUG PINK ,8,2011-09-16 14:47:00,3.25,15410.0,United Kingdom,online_retail_I,False,26.0
500358,17129F,DEEP BLUE GLASS GEMS IN BAG,2,2010-03-07 15:47:00,0.85,16534.0,United Kingdom,online_retail_II,False,1.7
530843,22840,ROUND CAKE TIN VINTAGE RED,2,2010-11-04 14:21:00,7.95,14895.0,United Kingdom,online_retail_II,False,15.9
490063,47580,TEA TIME DES TEA COSY,1,2009-12-03 13:49:00,2.55,17271.0,United Kingdom,online_retail_II,False,2.55
577778,23377,PACK OF 12 DOLLY GIRL TISSUES,1,2011-11-21 16:10:00,0.39,16549.0,United Kingdom,online_retail_I,False,0.39
515006,85123A,WHITE HANGING HEART T-LIGHT HOLDER,32,2010-07-07 15:52:00,2.55,13093.0,United Kingdom,online_retail_II,False,81.6
569635,22230,JIGSAW TREE WITH WATERING CAN,20,2011-10-05 12:13:00,0.29,12748.0,United Kingdom,online_retail_I,False,5.8
C518256,22427,ENAMEL FLOWER JUG CREAM,-1,2010-08-05 18:12:00,5.95,13047.0,United Kingdom,online_retail_II,True,-5.95
534890,22312,OFFICE MUG WARMER POLKADOT,1,2010-11-24 15:03:00,2.95,16204.0,United Kingdom,online_retail_II,False,2.95
508336,22064,PINK DOUGHNUT TRINKET POT ,2,2010-05-14 12:06:00,1.65,16081.0,United Kingdom,online_retail_II,False,3.3
547940,21212,PACK OF 72 RETROSPOT CAKE CASES,1,2011-03-28 14:43:00,0.55,16814.0,United Kingdom,online_retail_I,False,0.55
580696,22457,NATURAL SLATE HEART CHALKBOARD ,4,2011-12-05 16:04:00,2.95,17757.0,United Kingdom,online_retail_I,False,11.8
510170,82580,BATHROOM METAL SIGN,12,2010-05-27 14:28:00,0.55,13001.0,United Kingdom,online_retail_II,False,6.6000000000000005
493260,84968D,S/16 VINTAGE RED CUTLERY,1,2009-12-22 14:31:00,26.04,,United Kingdom,online_retail_II,False,26.04
518314,85131D,BEADED CRYSTAL HEART PINK ON STICK,24,2010-08-06 12:13:00,0.38,13920.0,United Kingdom,online_retail_II,False,9.120000000000001
568494,84879,ASSORTED COLOUR BIRD ORNAMENT,8,2011-09-27 12:08:00,1.69,16266.0,United Kingdom,online_retail_I,False,13.52
517066,22524,CHILDRENS GARDEN GLOVES BLUE,12,2010-07-26 13:41:00,1.25,16553.0,United Kingdom,online_retail_II,False,15.0
530297,22386,JUMBO BAG PINK POLKADOT,1,2010-11-02 12:37:00,1.95,14966.0,United Kingdom,online_retail_II,False,1.95
549241,85152,HAND OVER THE CHOCOLATE   SIGN ,1,2011-04-07 11:40:00,2.1,15719.0,United Kingdom,online_retail_I,False,2.1
549577,23232,WRAP VINTAGE PETALS  DESIGN,25,2011-04-11 08:16:00,0.42,14286.0,United Kingdom,online_retail_I,False,10.5
577331,22293,HANGING CHICK GREEN DECORATION,1,2011-11-18 14:23:00,1.45,14667.0,United Kingdom,online_retail_I,False,1.45
527349,35970,ZINC FOLKART SLEIGH BELLS,12,2010-10-15 16:00:00,1.69,16232.0,United Kingdom,online_retail_II,False,20.28
529518,22118,JOY WOODEN BLOCK LETTERS,4,2010-10-28 15:29:00,4.95,17853.0,United Kingdom,online_retail_II,False,19.8
566537,22698,PINK REGENCY TEACUP AND SAUCER,6,2011-09-13 11:34:00,2.95,13767.0,United Kingdom,online_retail_I,False,17.700000000000003
578028,22923,FRIDGE MAGNETS LES ENFANTS ASSORTED,1,2011-11-22 13:30:00,0.85,17371.0,United Kingdom,online_retail_I,False,0.85
559704,21935,SUKI  SHOULDER BAG,10,2011-07-12 09:54:00,1.65,12669.0,France,online_retail_I,False,16.5
571006,22138,BAKING SET 9 PIECE RETROSPOT ,3,2011-10-13 12:06:00,4.95,17063.0,United Kingdom,online_retail_I,False,14.850000000000001
500918,46776B,WOVEN BERRIES CUSHION COVER ,1,2010-03-11 10:30:00,4.21,,United Kingdom,online_retail_II,False,4.21
489857,48197,DOOR MAT BIRD ON THE WIRE,1,2009-12-02 14:43:00,13.87,,United Kingdom,online_retail_II,False,13.87
571918,21497,FANCY FONTS BIRTHDAY WRAP,25,2011-10-19 16:05:00,0.42,17350.0,United Kingdom,online_retail_I,False,10.5
519881,22400,MAGNETS PACK OF 4 HOME SWEET HOME,12,2010-08-22 11:28:00,1.25,16275.0,United Kingdom,online_retail_II,False,15.0
535951,22606,WOODEN SKITTLES GARDEN SET,1,2010-11-29 12:06:00,34.0,,United Kingdom,online_retail_II,False,34.0
518790,21668,RED STRIPE CERAMIC DRAWER KNOB,12,2010-08-12 09:41:00,1.25,17612.0,United Kingdom,online_retail_II,False,15.0
540013,22667,RECIPE BOX RETROSPOT ,5,2011-01-04 11:30:00,2.95,16255.0,United Kingdom,online_retail_I,False,14.75
566278,22625,RED KITCHEN SCALES,2,2011-09-11 14:05:00,8.5,13614.0,United Kingdom,online_retail_I,False,17.0
544406,22537,MAGIC DRAWING SLATE DINOSAUR,11,2011-02-18 13:26:00,0.42,16726.0,United Kingdom,online_retail_I,False,4.62
569319,23548,WRAP MAGIC FOREST ,25,2011-10-03 12:17:00,0.42,14290.0,United Kingdom,online_retail_I,False,10.5
545475,22749,FELTCRAFT PRINCESS CHARLOTTE DOLL,144,2011-03-03 10:59:00,3.39,12415.0,Australia,online_retail_I,False,488.16
564740,23002,TRAVEL CARD WALLET SKULLS,4,2011-08-28 14:39:00,0.42,14044.0,United Kingdom,online_retail_I,False,1.68
533136,22375,AIRLINE BAG VINTAGE JET SET BROWN,1,2010-11-16 12:52:00,4.25,17203.0,United Kingdom,online_retail_II,False,4.25
504925,90163A,PINK ROSEBUD & PEARL NECKLACE,1,2010-04-19 10:53:00,7.64,,United Kingdom,online_retail_II,False,7.64
529323,90184B,AMETHYST CHUNKY BEAD BRACELET W STR,2,2010-10-27 14:05:00,8.95,16713.0,United Kingdom,online_retail_II,False,17.9
507228,82552,WASHROOM METAL SIGN,1,2010-05-06 19:57:00,1.25,16794.0,United Kingdom,online_retail_II,False,1.25
532391,21900,"KEY FOB , SHED",5,2010-11-11 19:14:00,0.65,16797.0,United Kingdom,online_retail_II,False,3.25
524109,22423,REGENCY CAKESTAND 3 TIER,16,2010-09-27 13:17:00,10.95,12471.0,Germany,online_retail_II,False,175.2
531774,22569,FELTCRAFT CUSHION BUTTERFLY,4,2010-11-09 14:41:00,3.75,13715.0,United Kingdom,online_retail_II,False,15.0
552234,85131D,BEADED CRYSTAL HEART PINK ON STICK,4,2011-05-06 16:01:00,0.83,,United Kingdom,online_retail_I,False,3.32
547972,20728,LUNCH BAG CARS BLUE,150,2011-03-28 16:41:00,1.45,12557.0,Spain,online_retail_I,False,217.5
581000,22326,ROUND SNACK BOXES SET OF4 WOODLAND ,6,2011-12-07 08:03:00,2.95,12720.0,Germany,online_retail_I,False,17.700000000000003
580115,21933,PINK VINTAGE PAISLEY PICNIC BAG,1,2011-12-01 16:22:00,2.46,,United Kingdom,online_retail_I,False,2.46
565401,82484,WOOD BLACK BOARD ANT WHITE FINISH,2,2011-09-02 17:38:00,7.95,16686.0,United Kingdom,online_retail_I,False,15.9
508864,10002,INFLATABLE POLITICAL GLOBE ,6,2010-05-18 16:09:00,0.85,17589.0,United Kingdom,online_retail_II,False,5.1
516269,21716,BOYS VINTAGE TIN SEASIDE BUCKET,32,2010-07-19 12:19:00,2.55,17404.0,Sweden,online_retail_II,False,81.6
570856,22601,CHRISTMAS RETROSPOT ANGEL WOOD,12,2011-10-12 15:01:00,0.85,13464.0,United Kingdom,online_retail_I,False,10.2
496882,37495,FAIRY CAKE BIRTHDAY CANDLE SET,1,2010-02-04 14:13:00,3.75,15167.0,United Kingdom,online_retail_II,False,3.75
534201,21984,PACK OF 12 PINK PAISLEY TISSUES ,12,2010-11-21 15:24:00,0.29,13550.0,United Kingdom,online_retail_II,False,3.4799999999999995
513371,20711,JUMBO BAG TOYS ,2,2010-06-24 11:35:00,4.21,,United Kingdom,online_retail_II,False,8.42
526089,47570B,TEA TIME TABLE CLOTH,2,2010-10-08 12:14:00,10.65,15281.0,United Kingdom,online_retail_II,False,21.3
559091,15030,FAN BLACK FRAME ,20,2011-07-06 10:47:00,0.29,17905.0,United Kingdom,online_retail_I,False,5.8
511855,20658,RED SPOTTY LUGGAGE TAG,12,2010-06-11 08:25:00,1.25,12681.0,France,online_retail_II,False,15.0
561025,48187,DOORMAT NEW ENGLAND,1,2011-07-24 10:37:00,7.95,16241.0,United Kingdom,online_retail_I,False,7.95
519247,21258,VICTORIAN SEWING BOX LARGE,1,2010-08-15 14:38:00,12.75,16101.0,United Kingdom,online_retail_II,False,12.75
551556,23049,RECYCLED ACAPULCO MAT RED,2,2011-05-03 10:30:00,8.25,14191.0,United Kingdom,online_retail_I,False,16.5
546028,22207,FRYING PAN UNION FLAG,4,2011-03-09 08:33:00,4.25,17049.0,United Kingdom,online_retail_I,False,17.0
557937,82567,"AIRLINE LOUNGE,METAL SIGN",1,2011-06-23 15:30:00,1.63,,United Kingdom,online_retail_I,False,1.63
562457,22995,TRAVEL CARD WALLET SUKI,48,2011-08-05 11:00:00,0.42,18079.0,United Kingdom,online_retail_I,False,20.16
528648,82580,BATHROOM METAL SIGN,1,2010-10-24 12:39:00,0.55,16445.0,United Kingdom,online_retail_II,False,0.55
529074,84978,HANGING HEART JAR T-LIGHT HOLDER,12,2010-10-26 12:39:00,1.25,17122.0,United Kingdom,online_retail_II,False,15.0
565329,20777,CHRYSANTHEMUM NOTEBOOK,1,2011-09-02 13:54:00,1.65,14606.0,United Kingdom,online_retail_I,False,1.65
512925,85150,LADIES & GENTLEMEN METAL SIGN,2,2010-06-20 10:47:00,2.55,15716.0,United Kingdom,online_retail_II,False,5.1
533885,22553,PLASTERS IN TIN SKULLS,2,2010-11-19 11:42:00,1.65,12748.0,United Kingdom,online_retail_II,False,3.3
493670,21385,IVORY HANGING DECORATION  HEART,24,2010-01-05 12:20:00,0.85,14653.0,United Kingdom,online_retail_II,False,20.4
545692,22328,ROUND SNACK BOXES SET OF 4 FRUITS ,48,2011-03-06 12:58:00,2.55,17428.0,United Kingdom,online_retail_I,False,122.39999999999999
533502,48187,DOORMAT NEW ENGLAND,4,2010-11-17 13:50:00,7.95,13728.0,United Kingdom,online_retail_II,False,31.8
489561,20992,JAZZ HEARTS PURSE NOTEBOOK,3,2009-12-01 12:57:00,0.85,14654.0,United Kingdom,online_retail_II,False,2.55
503790,22361,GLASS JAR DAISY FRESH COTTON WOOL,2,2010-04-07 12:45:00,2.95,13174.0,United Kingdom,online_retail_II,False,5.9
566872,85071A,BLUE CHARLIE+LOLA PERSONAL DOORSIGN,4,2011-09-15 13:28:00,0.39,16729.0,United Kingdom,online_retail_I,False,1.56
521816,84898F,YELLOW FLOWERS FELT HANDBAG KIT,3,2010-09-08 15:30:00,2.1,15555.0,United Kingdom,online_retail_II,False,6.300000000000001
567165,23034,DRAWER KNOB CERAMIC BLACK,2,2011-09-18 11:58:00,1.45,17841.0,United Kingdom,online_retail_I,False,2.9
580727,22801,ANTIQUE GLASS PEDESTAL BOWL,2,2011-12-05 17:17:00,7.46,14096.0,United Kingdom,online_retail_I,False,14.92
505965,22567,20 DOLLY PEGS RETROSPOT,3,2010-04-26 15:43:00,1.25,16242.0,United Kingdom,online_retail_II,False,3.75
494016,90120B,BLUE MURANO TWIST BRACELET,1,2010-01-11 09:35:00,4.33,,United Kingdom,online_retail_II,False,4.33
567099,22758,LARGE PURPLE BABUSHKA NOTEBOOK  ,3,2011-09-16 13:31:00,1.25,15311.0,United Kingdom,online_retail_I,False,3.75
580651,23489,VINTAGE BELLS GARLAND,12,2011-12-05 13:32:00,2.89,16851.0,United Kingdom,online_retail_I,False,34.68
553657,22851,SET 20 NAPKINS FAIRY CAKES DESIGN ,2,2011-05-18 11:28:00,0.85,14583.0,United Kingdom,online_retail_I,False,1.7
568716,22909,SET OF 20 VINTAGE CHRISTMAS NAPKINS,4,2011-09-28 16:13:00,1.63,,United Kingdom,online_retail_I,False,6.52
540646,22471,TV DINNER TRAY AIR HOSTESS ,1,2011-01-10 14:32:00,4.21,,United Kingdom,online_retail_I,False,4.21
501278,37450,CERAMIC CAKE BOWL + HANGING CAKES,1,2010-03-15 14:01:00,2.95,17180.0,United Kingdom,online_retail_II,False,2.95
501114,21770,OPEN CLOSED METAL SIGN,2,2010-03-12 14:02:00,4.95,12692.0,France,online_retail_II,False,9.9
504694,75049L,LARGE CIRCULAR MIRROR MOBILE,12,2010-04-15 17:00:00,1.25,13414.0,United Kingdom,online_retail_II,False,15.0
495994,37424,WHITE WITH BLACK CATS MUG,12,2010-01-28 11:36:00,0.85,15563.0,United Kingdom,online_retail_II,False,10.2
563638,22758,LARGE PURPLE BABUSHKA NOTEBOOK  ,3,2011-08-18 10:36:00,1.25,15311.0,United Kingdom,online_retail_I,False,3.75
563348,21871,SAVE THE PLANET MUG,12,2011-08-15 13:48:00,1.25,13078.0,United Kingdom,online_retail_I,False,15.0
565427,72807B,SET/3 OCEAN SCENT CANDLE JEWEL BOX,5,2011-09-04 12:49:00,4.25,17774.0,United Kingdom,online_retail_I,False,21.25
505714,15044A,PINK PAPER PARASOL ,6,2010-04-25 13:09:00,2.95,13863.0,United Kingdom,online_retail_II,False,17.700000000000003
544319,22718,CARD CAT AND TREE ,12,2011-02-17 15:03:00,0.42,14379.0,United Kingdom,online_retail_I,False,5.04
555937,21124,SET/10 BLUE POLKADOT PARTY CANDLES,24,2011-06-08 09:39:00,1.25,12683.0,France,online_retail_I,False,30.0
545897,22478,BIRDHOUSE GARDEN MARKER ,2,2011-03-07 17:22:00,2.46,,United Kingdom,online_retail_I,False,4.92
576255,21311,SET/4 BIRD MIRROR MAGNETS ,5,2011-11-14 14:09:00,0.29,15993.0,United Kingdom,online_retail_I,False,1.45
508228,22423,REGENCY CAKESTAND 3 TIER,1,2010-05-13 16:49:00,25.49,,United Kingdom,online_retail_II,False,25.49
504649,22061,LARGE CAKE STAND  HANGING STRAWBERY,2,2010-04-15 14:48:00,9.95,17709.0,United Kingdom,online_retail_II,False,19.9
562348,21078,SET/20 STRAWBERRY PAPER NAPKINS ,96,2011-08-04 12:36:00,0.72,17511.0,United Kingdom,online_retail_I,False,69.12
505635,21679,SKULLS  STICKERS,12,2010-04-23 13:12:00,0.85,14852.0,United Kingdom,online_retail_II,False,10.2
506467,22333,RETRO SPORT PARTY BAG + STICKER SET,432,2010-04-30 09:06:00,1.45,16754.0,United Kingdom,online_retail_II,False,626.4
505724,90087,CRYSTAL SEA HORSE PHONE CHARM,2,2010-04-25 13:49:00,0.85,17550.0,United Kingdom,online_retail_II,False,1.7
569231,21671,RED SPOT CERAMIC DRAWER KNOB,6,2011-10-02 15:18:00,1.45,13379.0,United Kingdom,online_retail_I,False,8.7
531478,84879,ASSORTED COLOUR BIRD ORNAMENT,8,2010-11-08 14:20:00,1.69,17084.0,United Kingdom,online_retail_II,False,13.52
522077,22753,SMALL YELLOW BABUSHKA NOTEBOOK ,1,2010-09-12 11:03:00,0.85,16686.0,United Kingdom,online_retail_II,False,0.85
531351,22627,MINT KITCHEN SCALES,4,2010-11-07 13:35:00,8.5,14203.0,United Kingdom,online_retail_II,False,34.0
507210,85049B,LUSH GREENS RIBBONS,5,2010-05-06 17:22:00,1.25,14156.0,EIRE,online_retail_II,False,6.25
510651,22437,SET OF 9 BLACK SKULL BALLOONS,20,2010-06-02 13:34:00,0.85,12437.0,France,online_retail_II,False,17.0
521975,85099F,JUMBO BAG STRAWBERRY,10,2010-09-09 20:00:00,1.95,13969.0,United Kingdom,online_retail_II,False,19.5
577078,22571,ROCKING HORSE RED CHRISTMAS ,1,2011-11-17 15:17:00,1.63,,United Kingdom,online_retail_I,False,1.63
569544,23110,PARISIENNE KEY CABINET ,1,2011-10-04 16:33:00,12.46,,United Kingdom,online_retail_I,False,12.46
545937,22923,FRIDGE MAGNETS LES ENFANTS ASSORTED,12,2011-03-08 12:05:00,0.85,12758.0,Portugal,online_retail_I,False,10.2
550215,20735,BLACK MINI TAPE MEASURE ,1,2011-04-15 10:43:00,1.63,,United Kingdom,online_retail_I,False,1.63
495951,47568,ENGLISH ROSE DESIGN PEG BAG,1,2010-01-27 17:44:00,4.21,,United Kingdom,online_retail_II,False,4.21
528673,21908,CHOCOLATE THIS WAY METAL SIGN,2,2010-10-24 12:51:00,2.1,15059.0,United Kingdom,online_retail_II,False,4.2
564838,21739,COSY SLIPPER SHOES SMALL GREEN,1,2011-08-30 12:43:00,2.46,,United Kingdom,online_retail_I,False,2.46
C509140,85121B,RETRO LAUNDRY TUB PINK,-2,2010-05-20 12:26:00,8.5,13089.0,United Kingdom,online_retail_II,True,-17.0
575512,23492,VINTAGE JINGLE BELLS WREATH,2,2011-11-10 10:36:00,8.25,14121.0,United Kingdom,online_retail_I,False,16.5
551006,21874,GIN AND TONIC MUG,1,2011-04-26 09:48:00,3.29,,United Kingdom,online_retail_I,False,3.29
517329,84997D,PINK 3 PIECE MINI DOTS CUTLERY SET,6,2010-07-28 12:51:00,3.75,17059.0,United Kingdom,online_retail_II,False,22.5
576832,22959,WRAP CHRISTMAS VILLAGE,25,2011-11-16 15:01:00,0.42,13102.0,United Kingdom,online_retail_I,False,10.5
511292,22078,RIBBON REEL LACE DESIGN ,1,2010-06-07 14:55:00,2.1,15164.0,United Kingdom,online_retail_II,False,2.1
493865,22111,SCOTTIE DOG HOT WATER BOTTLE,10,2010-01-07 16:57:00,4.95,15808.0,United Kingdom,online_retail_II,False,49.5
511481,84855,BLOKEY SILVER TOOL SET,2,2010-06-08 14:00:00,4.95,15353.0,United Kingdom,online_retail_II,False,9.9
559342,23066,SMALL DECO JEWELLERY STAND,4,2011-07-07 16:59:00,8.25,14493.0,United Kingdom,online_retail_I,False,33.0
580130,23583,LUNCH BAG PAISLEY PARK  ,10,2011-12-01 18:07:00,1.65,17426.0,United Kingdom,online_retail_I,False,16.5
568917,22355,CHARLOTTE BAG SUKI DESIGN,10,2011-09-29 14:11:00,0.85,15955.0,United Kingdom,online_retail_I,False,8.5
580137,21733,RED HANGING HEART T-LIGHT HOLDER,5,2011-12-01 19:54:00,2.95,17566.0,United Kingdom,online_retail_I,False,14.75
502813,22406,MONEY BOX KINGS CHOICE DESIGN,6,2010-03-28 10:33:00,1.25,16104.0,United Kingdom,online_retail_II,False,7.5
538630,21870,I CAN ONLY PLEASE ONE PERSON MUG,12,2010-12-13 13:25:00,1.25,14565.0,United Kingdom,online_retail_I,False,15.0
506294,82484,WOOD BLACK BOARD ANT WHITE FINISH,1,2010-04-29 10:11:00,6.45,17377.0,United Kingdom,online_retail_II,False,6.45
557066,82483,WOOD 2 DRAWER CABINET WHITE FINISH,2,2011-06-16 15:10:00,6.95,17463.0,United Kingdom,online_retail_I,False,13.9
546392,20674,GREEN POLKADOT BOWL,1,2011-03-11 14:15:00,1.25,14587.0,United Kingdom,online_retail_I,False,1.25
542998,85039a,SET/4 RED MINI ROSE CANDLE IN BOWL,1,2011-02-02 12:16:00,3.29,,United Kingdom,online_retail_I,False,3.29
494990,21977,PACK OF 60 PINK PAISLEY CAKE CASES,24,2010-01-20 11:54:00,0.55,14388.0,United Kingdom,online_retail_II,False,13.200000000000001
549844,22858,EASTER TIN KEEPSAKE,6,2011-04-12 14:17:00,1.65,12854.0,United Kingdom,online_retail_I,False,9.899999999999999
569015,23434,3 RAFFIA RIBBONS 50'S CHRISTMAS ,10,2011-09-30 09:20:00,0.79,13575.0,United Kingdom,online_retail_I,False,7.9
555368,22845,VINTAGE CREAM CAT FOOD CONTAINER,2,2011-06-02 14:30:00,6.35,13437.0,United Kingdom,online_retail_I,False,12.7
554630,84536B,FAIRY CAKES NOTEBOOK A7 SIZE,8,2011-05-25 11:34:00,0.42,13268.0,United Kingdom,online_retail_I,False,3.36
496290,85216,ASSORTED CAKES FRIDGE MAGNETS,1,2010-01-29 17:55:00,7.62,,United Kingdom,online_retail_II,False,7.62
549944,21715,GIRLS VINTAGE TIN SEASIDE BUCKET,8,2011-04-13 12:23:00,2.55,14262.0,United Kingdom,online_retail_I,False,20.4
570806,22139,RETROSPOT TEA SET CERAMIC 11 PC ,6,2011-10-12 12:42:00,4.95,13115.0,United Kingdom,online_retail_I,False,29.700000000000003
C507486,22320,BIRDS MOBILE VINTAGE DESIGN,-3,2010-05-10 11:58:00,5.95,12474.0,Germany,online_retail_II,True,-17.85
574064,23229,VINTAGE DONKEY TAIL GAME ,6,2011-11-02 14:35:00,3.75,17434.0,United Kingdom,online_retail_I,False,22.5
555383,22138,BAKING SET 9 PIECE RETROSPOT ,2,2011-06-02 15:13:00,4.95,12517.0,Germany,online_retail_I,False,9.9
536561,22748,POPPY'S PLAYHOUSE KITCHEN,6,2010-12-01 15:06:00,2.1,12921.0,United Kingdom,online_retail_I,False,12.600000000000001
516338,22631,CIRCUS PARADE LUNCH BOX ,12,2010-07-20 09:04:00,1.95,13418.0,United Kingdom,online_retail_II,False,23.4
528363,22173,METAL 4 HOOK HANGER FRENCH CHATEAU,8,2010-10-21 15:38:00,2.95,14442.0,Channel Islands,online_retail_II,False,23.6
543345,84378,SET OF 3 HEART COOKIE CUTTERS,1,2011-02-07 12:29:00,2.46,,United Kingdom,online_retail_I,False,2.46
512130,20684,STRAWBERRY DREAM CHILDS UMBRELLA,6,2010-06-14 10:33:00,3.25,14114.0,United Kingdom,online_retail_II,False,19.5
513399,22062,CERAMIC BOWL WITH LOVE HEART DESIGN,2,2010-06-24 11:48:00,5.91,,United Kingdom,online_retail_II,False,11.82
527129,22487,WHITE WOOD GARDEN PLANT LADDER,1,2010-10-15 09:29:00,9.95,16153.0,United Kingdom,online_retail_II,False,9.95
518406,85049H,URBAN BLACK RIBBONS ,2,2010-08-08 14:26:00,1.25,17802.0,United Kingdom,online_retail_II,False,2.5
497473,21156,RED SPOTTY CHILDS APRON,4,2010-02-09 15:27:00,1.95,13156.0,United Kingdom,online_retail_II,False,7.8
527064,21871,SAVE THE PLANET MUG,12,2010-10-14 13:54:00,1.25,16176.0,United Kingdom,online_retail_II,False,15.0
498101,48187,DOOR MAT NEW ENGLAND,2,2010-02-16 13:32:00,7.49,12960.0,United Kingdom,online_retail_II,False,14.98
566299,22910,PAPER CHAIN KIT VINTAGE CHRISTMAS,12,2011-09-11 15:59:00,2.95,16871.0,United Kingdom,online_retail_I,False,35.400000000000006
549140,35819B,,7,2011-04-06 15:26:00,0.0,,United Kingdom,online_retail_I,False,0.0
521369,21380,WOODEN HAPPY BIRTHDAY GARLAND,2,2010-09-05 11:14:00,2.95,16085.0,United Kingdom,online_retail_II,False,5.9
577725,23322,LARGE WHITE HEART OF WICKER,6,2011-11-21 12:38:00,2.95,14607.0,United Kingdom,online_retail_I,False,17.700000000000003
579196,22730,ALARM CLOCK BAKELIKE IVORY,1,2011-11-28 15:54:00,7.46,14096.0,United Kingdom,online_retail_I,False,7.46
537434,85035C,ROSE 3 WICK MORRIS BOX CANDLE,1,2010-12-06 16:57:00,8.47,,United Kingdom,online_retail_I,False,8.47
578065,23311,VINTAGE CHRISTMAS STOCKING ,3,2011-11-22 15:41:00,4.96,,United Kingdom,online_retail_I,False,14.879999999999999
576604,22158,3 HEARTS HANGING DECORATION RUSTIC,27,2011-11-15 15:23:00,2.95,13435.0,United Kingdom,online_retail_I,False,79.65
526724,22139,RETROSPOT TEA SET CERAMIC 11 PC ,4,2010-10-12 17:22:00,4.95,13909.0,United Kingdom,online_retail_II,False,19.8
579557,23084,RABBIT NIGHT LIGHT,21,2011-11-30 11:18:00,4.96,,United Kingdom,online_retail_I,False,104.16
506003,22189,CREAM HEART CARD HOLDER,36,2010-04-27 11:15:00,3.39,16652.0,United Kingdom,online_retail_II,False,122.04
524864,22755,SMALL PURPLE BABUSHKA NOTEBOOK ,12,2010-10-01 09:02:00,0.85,14564.0,Channel Islands,online_retail_II,False,10.2
524012,22804,CANDLEHOLDER PINK HANGING HEART,32,2010-09-27 09:48:00,2.55,14295.0,United Kingdom,online_retail_II,False,81.6
579187,22212,FOUR HOOK  WHITE LOVEBIRDS,1,2011-11-28 15:31:00,4.13,,United Kingdom,online_retail_I,False,4.13
578266,21770,OPEN CLOSED METAL SIGN,1,2011-11-23 13:34:00,4.95,12748.0,United Kingdom,online_retail_I,False,4.95
540473,22564,ALPHABET STENCIL CRAFT,2,2011-01-07 14:31:00,1.25,17284.0,United Kingdom,online_retail_I,False,2.5
C498280,21535,RETRO SPOT SMALL MILK JUG,-1,2010-02-17 16:22:00,2.1,17511.0,United Kingdom,online_retail_II,True,-2.1
523664,82597,BOMBS AWAY METAL SIGN,1,2010-09-23 14:15:00,2.1,15005.0,United Kingdom,online_retail_II,False,2.1
540779,22621,TRADITIONAL KNITTING NANCY,12,2011-01-11 11:18:00,1.45,15346.0,United Kingdom,online_retail_I,False,17.4
572540,23424,GINGHAM RECIPE BOOK BOX,1,2011-10-24 16:17:00,10.79,,United Kingdom,online_retail_I,False,10.79
569968,23371,SET 36 COLOUR PENCILS SPACEBOY ,2,2011-10-06 18:56:00,1.25,17921.0,United Kingdom,online_retail_I,False,2.5
522739,35598D,PINK/WHITE CHRISTMAS TREE 60CM,1,2010-09-16 13:06:00,1.25,14963.0,United Kingdom,online_retail_II,False,1.25
566483,22560,TRADITIONAL MODELLING CLAY,24,2011-09-13 09:47:00,1.25,13880.0,United Kingdom,online_retail_I,False,30.0
567085,22983,CARD BILLBOARD FONT,12,2011-09-16 12:38:00,0.42,12434.0,Australia,online_retail_I,False,5.04
522089,22367,CHILDRENS APRON SPACEBOY DESIGN,1,2010-09-12 12:41:00,1.95,16387.0,United Kingdom,online_retail_II,False,1.95
573027,21155,RED RETROSPOT PEG BAG,6,2011-10-27 13:26:00,2.55,18225.0,United Kingdom,online_retail_I,False,15.299999999999999
530922,17003,BROCADE RING PURSE ,216,2010-11-04 16:37:00,0.21,14676.0,United Kingdom,online_retail_II,False,45.36
533010,22139,RETROSPOT TEA SET CERAMIC 11 PC ,9,2010-11-15 15:30:00,4.95,13985.0,United Kingdom,online_retail_II,False,44.550000000000004
566230,20914,SET/5 RED RETROSPOT LID GLASS BOWLS,12,2011-09-11 10:57:00,2.95,15159.0,United Kingdom,online_retail_I,False,35.400000000000006
524185,22627,MINT KITCHEN SCALES,2,2010-09-28 09:12:00,8.5,13139.0,United Kingdom,online_retail_II,False,17.0
515759,22621,TRADITIONAL KNITTING NANCY,1,2010-07-14 13:37:00,2.98,,United Kingdom,online_retail_II,False,2.98
567939,35933,PINK STOCKING CHRISTMAS DECORATION,10,2011-09-22 18:15:00,0.38,16715.0,United Kingdom,online_retail_I,False,3.8
518067,21114,LAVENDER SCENTED FABRIC HEART,30,2010-08-04 12:54:00,1.25,15817.0,United Kingdom,online_retail_II,False,37.5
523587,22812,PACK 3 BOXES CHRISTMAS PANNETONE,12,2010-09-23 09:02:00,1.95,16638.0,United Kingdom,online_retail_II,False,23.4
517271,84879,ASSORTED COLOUR BIRD ORNAMENT,8,2010-07-28 09:34:00,1.69,17122.0,United Kingdom,online_retail_II,False,13.52
492423,35930,PINK HEART CHRISTMAS DECORATION,1,2009-12-16 17:45:00,0.38,12748.0,United Kingdom,online_retail_II,False,0.38
529335,22847,BREAD BIN DINER STYLE IVORY,1,2010-10-27 15:38:00,16.95,17326.0,United Kingdom,online_retail_II,False,16.95
555324,22379,RECYCLING BAG RETROSPOT ,1,2011-06-02 11:02:00,4.96,,United Kingdom,online_retail_I,False,4.96
527050,22398,MAGNETS PACK OF 4 SWALLOWS,12,2010-10-14 12:54:00,1.25,17717.0,United Kingdom,online_retail_II,False,15.0
557324,22268,DECORATION SITTING BUNNY,2,2011-06-20 09:41:00,0.63,,United Kingdom,online_retail_I,False,1.26
526089,22630,DOLLY GIRL LUNCH BOX,12,2010-10-08 12:14:00,1.95,15281.0,United Kingdom,online_retail_II,False,23.4
C532379,M,Manual,-1,2010-11-11 18:11:00,27.96,,United Kingdom,online_retail_II,True,-27.96
535266,22755,SMALL PURPLE BABUSHKA NOTEBOOK ,1,2010-11-25 13:32:00,0.85,14159.0,United Kingdom,online_retail_II,False,0.85
543619,22382,LUNCH BAG SPACEBOY DESIGN ,10,2011-02-10 14:51:00,1.65,16842.0,United Kingdom,online_retail_I,False,16.5
524289,21791,VINTAGE HEADS AND TAILS CARD GAME ,12,2010-09-28 12:50:00,1.25,15347.0,United Kingdom,online_retail_II,False,15.0
572499,23263,SET OF 3 WOODEN HEART DECORATIONS,12,2011-10-24 14:10:00,1.25,15786.0,United Kingdom,online_retail_I,False,15.0
564850,23332,IVORY WICKER HEART LARGE,4,2011-08-30 16:43:00,1.65,17298.0,United Kingdom,online_retail_I,False,6.6
491970,21410,COUNTRY COTTAGE  DOORSTOP GREEN,1,2009-12-14 18:03:00,8.65,,United Kingdom,online_retail_II,False,8.65
525764,22673,FRENCH GARDEN SIGN BLUE METAL,12,2010-10-07 10:39:00,1.25,12511.0,Greece,online_retail_II,False,15.0
490024,21536,DAIRY MAID  SMALL  MILK JUG,2,2009-12-03 12:40:00,2.1,14606.0,United Kingdom,online_retail_II,False,4.2
531566,21212,PACK OF 72 RETROSPOT CAKE CASES,24,2010-11-09 10:29:00,0.55,14902.0,United Kingdom,online_retail_II,False,13.200000000000001
562162,22083,PAPER CHAIN KIT RETROSPOT,9,2011-08-03 12:03:00,2.95,12841.0,United Kingdom,online_retail_I,False,26.55
557621,22361,GLASS JAR DAISY FRESH COTTON WOOL,6,2011-06-21 14:00:00,2.95,12444.0,Norway,online_retail_I,False,17.700000000000003
540026,22630,DOLLY GIRL LUNCH BOX,1,2011-01-04 13:25:00,4.21,,United Kingdom,online_retail_I,False,4.21
490294,35071,ASSORTED SANTA CHRISTMAS DECORATION,9,2009-12-04 13:41:00,0.85,16710.0,United Kingdom,online_retail_II,False,7.6499999999999995
575875,22594,CHRISTMAS GINGHAM TREE,3,2011-11-11 13:06:00,1.63,,United Kingdom,online_retail_I,False,4.89
572461,22142,CHRISTMAS CRAFT WHITE FAIRY ,1,2011-10-24 12:56:00,1.45,17344.0,United Kingdom,online_retail_I,False,1.45
577071,23534,WALL ART STOP FOR TEA ,3,2011-11-17 14:56:00,5.95,13969.0,United Kingdom,online_retail_I,False,17.85
538815,22844,VINTAGE CREAM DOG FOOD CONTAINER,2,2010-12-14 12:30:00,8.5,18219.0,United Kingdom,online_retail_I,False,17.0
490685,72753B,S/3 FLWR FAIRY LAVENDER CANDLES,16,2009-12-07 13:48:00,2.1,13206.0,United Kingdom,online_retail_II,False,33.6
525254,20679,EDWARDIAN PARASOL RED,3,2010-10-04 15:10:00,5.95,15778.0,United Kingdom,online_retail_II,False,17.85
551727,47566B,TEA TIME PARTY BUNTING,4,2011-05-04 08:40:00,4.95,14245.0,United Kingdom,online_retail_I,False,19.8
575930,21678,PAISLEY PATTERN  STICKERS,1,2011-11-11 17:58:00,1.63,,United Kingdom,online_retail_I,False,1.63
534091,21822,GLITTER CHRISTMAS TREE WITH BELLS,6,2010-11-21 11:58:00,1.95,14499.0,United Kingdom,online_retail_II,False,11.7
579256,21894,POTTING SHED SEED ENVELOPES,12,2011-11-29 08:07:00,1.25,13349.0,United Kingdom,online_retail_I,False,15.0
492782,20969,RED FLORAL FELTCRAFT SHOULDER BAG,2,2009-12-18 17:06:00,7.78,,United Kingdom,online_retail_II,False,15.56
533333,22661,CHARLOTTE BAG DOLLY GIRL DESIGN,10,2010-11-16 18:07:00,0.85,16748.0,United Kingdom,online_retail_II,False,8.5
526747,35958,FOLKART ZINC STAR CHRISTMAS DEC,12,2010-10-13 09:32:00,0.85,16625.0,United Kingdom,online_retail_II,False,10.2
C508384,85099B,RED RETROSPOT JUMBO BAG ,-10,2010-05-14 14:18:00,1.95,13634.0,United Kingdom,online_retail_II,True,-19.5
515353,22646,CERAMIC STRAWBERRY CAKE MONEY BANK,1,2010-07-12 10:54:00,3.36,,United Kingdom,online_retail_II,False,3.36
523911,21916,SET 12 RETRO WHITE CHALK STICKS,1,2010-09-24 16:06:00,0.85,,United Kingdom,online_retail_II,False,0.85
560281,22537,MAGIC DRAWING SLATE DINOSAUR,3,2011-07-17 15:59:00,0.42,17984.0,United Kingdom,online_retail_I,False,1.26
542993,22668,PINK BABY BUNTING,5,2011-02-02 12:02:00,2.95,16156.0,United Kingdom,online_retail_I,False,14.75
502743,21915,RED  HARMONICA IN BOX ,12,2010-03-26 12:26:00,1.25,18166.0,United Kingdom,online_retail_II,False,15.0
564847,23288,GREEN VINTAGE SPOT BEAKER,2,2011-08-30 15:31:00,0.85,,United Kingdom,online_retail_I,False,1.7
492282,79323W, WHITE CHERRY LIGHTS,4,2009-12-16 11:43:00,6.75,14869.0,United Kingdom,online_retail_II,False,27.0
525063,22187,GREEN CHRISTMAS TREE CARD HOLDER,4,2010-10-03 14:23:00,4.25,14209.0,United Kingdom,online_retail_II,False,17.0
550480,22521,CHILDS GARDEN TROWEL PINK,4,2011-04-18 14:05:00,0.85,13069.0,United Kingdom,online_retail_I,False,3.4
491814,85212,MINI PAINTED GARDEN DECORATION ,24,2009-12-14 13:30:00,0.85,15188.0,United Kingdom,online_retail_II,False,20.4
540093,22072,RED RETROSPOT TEA CUP AND SAUCER ,1,2011-01-04 15:24:00,3.75,16725.0,United Kingdom,online_retail_I,False,3.75
526207,82599,FANNY'S REST STOPMETAL SIGN,1,2010-10-10 13:31:00,2.1,15547.0,United Kingdom,online_retail_II,False,2.1
574677,22333,RETROSPOT PARTY BAG + STICKER SET,2,2011-11-06 12:32:00,1.65,16445.0,United Kingdom,online_retail_I,False,3.3
570111,21116,OWL DOORSTOP,1,2011-10-07 12:28:00,4.95,15005.0,United Kingdom,online_retail_I,False,4.95
502915,79000,MOROCCAN TEA GLASS,12,2010-03-29 13:36:00,0.85,17920.0,United Kingdom,online_retail_II,False,10.2
547651,20682,RED RETROSPOT CHILDRENS UMBRELLA,1,2011-03-24 12:11:00,3.25,16904.0,United Kingdom,online_retail_I,False,3.25
514377,84584,PINK GINGHAM CAT WITH SCARF,6,2010-07-02 10:01:00,2.55,17734.0,United Kingdom,online_retail_II,False,15.299999999999999
497684,21165,BEWARE OF THE CAT METAL SIGN ,12,2010-02-11 15:02:00,1.69,14401.0,United Kingdom,online_retail_II,False,20.28
516316,22061,LARGE CAKE STAND  HANGING STRAWBERY,2,2010-07-19 14:47:00,9.95,17460.0,United Kingdom,online_retail_II,False,19.9
564342,22922,FRIDGE MAGNETS US DINER ASSORTED,2,2011-08-24 14:53:00,0.85,16340.0,United Kingdom,online_retail_I,False,1.7
576844,46000M,POLYESTER FILLER PAD 45x45cm,8,2011-11-16 15:33:00,1.55,16713.0,United Kingdom,online_retail_I,False,12.4
567178,22424,ENAMEL BREAD BIN CREAM,1,2011-09-18 14:08:00,12.75,17858.0,United Kingdom,online_retail_I,False,12.75
577094,22348,TEA BAG PLATE RED RETROSPOT,4,2011-11-17 16:39:00,0.85,15435.0,United Kingdom,online_retail_I,False,3.4
510772,47593A,CAROUSEL DESIGN BABY BIB,2,2010-06-03 14:02:00,0.85,,United Kingdom,online_retail_II,False,1.7
511052,21363,HOME SMALL WOOD LETTERS,2,2010-06-06 12:15:00,4.95,17841.0,United Kingdom,online_retail_II,False,9.9
561209,21084,SET/6 COLLAGE PAPER CUPS,4,2011-07-25 16:57:00,0.83,,United Kingdom,online_retail_I,False,3.32
528368,21212,PACK OF 72 RETROSPOT CAKE CASES,3,2010-10-21 16:30:00,0.55,13581.0,United Kingdom,online_retail_II,False,1.6500000000000001
497590,47518F,ICON PLACEMAT POP ART ELVIS,1,2010-02-10 17:59:00,4.21,,United Kingdom,online_retail_II,False,4.21
522977,22693,GROW A FLYTRAP OR SUNFLOWER IN TIN,24,2010-09-19 13:45:00,1.25,15483.0,United Kingdom,online_retail_II,False,30.0
524937,82580,BATHROOM METAL SIGN,12,2010-10-01 11:59:00,0.55,15261.0,United Kingdom,online_retail_II,False,6.6000000000000005
537240,22077,6 RIBBONS RUSTIC CHARM,8,2010-12-06 10:08:00,3.36,,United Kingdom,online_retail_I,False,26.88
532849,22086,PAPER CHAIN KIT 50'S CHRISTMAS ,24,2010-11-15 10:46:00,2.95,14944.0,United Kingdom,online_retail_II,False,70.80000000000001
531843,21581,SKULLS  DESIGN  COTTON TOTE BAG,1,2010-11-10 09:34:00,5.06,,United Kingdom,online_retail_II,False,5.06
574720,22075,6 RIBBONS ELEGANT CHRISTMAS ,3,2011-11-06 14:39:00,1.65,14547.0,United Kingdom,online_retail_I,False,4.949999999999999
565865,22728,ALARM CLOCK BAKELIKE PINK,12,2011-09-07 15:07:00,3.75,12637.0,France,online_retail_I,False,45.0
513659,22558,CLOTHES PEGS RETROSPOT PACK 24 ,12,2010-06-28 10:19:00,1.25,14769.0,United Kingdom,online_retail_II,False,15.0
490505,21898,POTTING SHED ROSE CANDLE,1,2009-12-06 14:06:00,2.95,14548.0,United Kingdom,online_retail_II,False,2.95
530180,35832,WOOLLY HAT SOCK GLOVE ADVENT STRING,24,2010-11-02 10:27:00,2.95,12483.0,Sweden,online_retail_II,False,70.80000000000001
561217,21715,GIRLS VINTAGE TIN SEASIDE BUCKET,1,2011-07-25 17:09:00,4.96,,United Kingdom,online_retail_I,False,4.96
C506495,79164,BLACK WINE GLASS,-15,2010-04-30 10:55:00,1.45,14926.0,United Kingdom,online_retail_II,True,-21.75
523769,85049E,SCANDINAVIAN REDS RIBBONS,12,2010-09-24 10:48:00,1.25,17567.0,United Kingdom,online_retail_II,False,15.0
570496,20975,12 PENCILS SMALL TUBE RED RETROSPOT,144,2011-10-11 09:05:00,0.65,16422.0,United Kingdom,online_retail_I,False,93.60000000000001
525335,20719,WOODLAND CHARLOTTE BAG,20,2010-10-05 11:24:00,0.72,14298.0,United Kingdom,online_retail_II,False,14.399999999999999
547829,22294,HEART FILIGREE DOVE  SMALL,24,2011-03-25 15:24:00,1.25,16081.0,United Kingdom,online_retail_I,False,30.0
580600,22061,LARGE CAKE STAND  HANGING STRAWBERY,2,2011-12-05 11:13:00,2.95,12841.0,United Kingdom,online_retail_I,False,5.9
523537,22423,REGENCY CAKESTAND 3 TIER,2,2010-09-22 14:01:00,12.75,13196.0,United Kingdom,online_retail_II,False,25.5
579792,22403,MAGNETS PACK OF 4 VINTAGE LABELS ,12,2011-11-30 15:43:00,0.39,12714.0,France,online_retail_I,False,4.68
567665,23202,JUMBO BAG VINTAGE LEAF,3,2011-09-21 15:22:00,4.13,,United Kingdom,online_retail_I,False,12.39
527380,22315,200 RED + WHITE BENDY STRAWS,1,2010-10-17 12:52:00,1.25,14953.0,United Kingdom,online_retail_II,False,1.25
578011,22086,PAPER CHAIN KIT 50'S CHRISTMAS ,6,2011-11-22 12:52:00,2.95,15150.0,United Kingdom,online_retail_I,False,17.700000000000003
495178,22350,CAT BOWL ,3,2010-01-21 13:33:00,2.55,13735.0,United Kingdom,online_retail_II,False,7.6499999999999995
559460,22178,VICTORIAN GLASS HANGING T-LIGHT,12,2011-07-08 13:00:00,1.25,13862.0,United Kingdom,online_retail_I,False,15.0
545060,82486,WOOD S/3 CABINET ANT WHITE FINISH,2,2011-02-27 13:47:00,8.95,15547.0,United Kingdom,online_retail_I,False,17.9
512400,22417,PACK OF 60 SPACEBOY CAKE CASES,24,2010-06-15 12:35:00,0.55,13297.0,United Kingdom,online_retail_II,False,13.200000000000001
549193,22271,FELTCRAFT DOLL ROSIE,6,2011-04-07 10:24:00,2.95,12580.0,Germany,online_retail_I,False,17.700000000000003
521983,21981,PACK OF 12 WOODLAND TISSUES ,24,2010-09-10 10:09:00,0.29,13304.0,United Kingdom,online_retail_II,False,6.959999999999999
512435,85217,ASSORTED ICE CREAM FRIDGE MAGNETS,1,2010-06-15 15:54:00,7.62,,United Kingdom,online_retail_II,False,7.62
573338,22563,HAPPY STENCIL CRAFT,2,2011-10-30 11:47:00,1.25,14546.0,United Kingdom,online_retail_I,False,2.5
529941,84832,ZINC WILLIE WINKIE  CANDLE STICK,1,2010-10-31 14:54:00,0.85,17346.0,United Kingdom,online_retail_II,False,0.85
561898,22619,SET OF 6 SOLDIER SKITTLES,4,2011-07-31 15:25:00,3.75,12456.0,Switzerland,online_retail_I,False,15.0
553198,22544,MINI JIGSAW SPACEBOY,12,2011-05-15 14:48:00,0.42,13752.0,United Kingdom,online_retail_I,False,5.04
580115,23000,TRAVEL CARD WALLET TRANSPORT,2,2011-12-01 16:22:00,0.83,,United Kingdom,online_retail_I,False,1.66
502444,22286,"DECORATION , WOBBLY RABBIT , METAL ",1,2010-03-24 13:30:00,1.65,14729.0,United Kingdom,online_retail_II,False,1.65
537823,22550,HOLIDAY FUN LUDO,1,2010-12-08 14:25:00,7.62,,United Kingdom,online_retail_I,False,7.62
573137,16238,PARTY TIME PENCIL ERASERS,1,2011-10-27 17:15:00,0.42,,United Kingdom,online_retail_I,False,0.42
521182,17165D,ASS COL LARGE SAND FROG P'WEIGHT,36,2010-09-02 16:14:00,0.85,14298.0,United Kingdom,online_retail_II,False,30.599999999999998
510985,22197,SMALL POPCORN HOLDER,12,2010-06-04 12:35:00,0.85,14902.0,United Kingdom,online_retail_II,False,10.2
578662,23171,REGENCY TEA PLATE GREEN ,1,2011-11-24 16:51:00,1.65,17516.0,United Kingdom,online_retail_I,False,1.65
525884,21351,CINAMMON & ORANGE WREATH,2,2010-10-07 14:30:00,6.75,15600.0,United Kingdom,online_retail_II,False,13.5
540692,21791,VINTAGE HEADS AND TAILS CARD GAME ,12,2011-01-11 09:12:00,1.25,14320.0,United Kingdom,online_retail_I,False,15.0
492419,20778,GARDEN PATH NOTEBOOK ,3,2009-12-16 17:34:00,1.65,14540.0,United Kingdom,online_retail_II,False,4.949999999999999
532757,22652,TRAVEL SEWING KIT,1,2010-11-14 13:42:00,1.65,17288.0,United Kingdom,online_retail_II,False,1.65
495952,22139,RETRO SPOT TEA SET CERAMIC 11 PC ,2,2010-01-27 17:53:00,11.02,,United Kingdom,online_retail_II,False,22.04
502747,21214,SET OF 72 IVORY PAPER DOILIES,12,2010-03-26 13:03:00,1.45,18215.0,United Kingdom,online_retail_II,False,17.4
547063,84970L,SINGLE HEART ZINC T-LIGHT HOLDER,12,2011-03-20 13:33:00,0.95,14769.0,United Kingdom,online_retail_I,False,11.399999999999999
561910,85066,CREAM SWEETHEART MINI CHEST,6,2011-08-01 10:23:00,10.95,17053.0,United Kingdom,online_retail_I,False,65.69999999999999
499991,84467,ENGLISH ROSE DESIGN QUILTED THROW,6,2010-03-03 16:37:00,12.75,14156.0,EIRE,online_retail_II,False,76.5
557153,22607,WOODEN ROUNDERS GARDEN SET ,2,2011-06-17 11:07:00,9.95,13735.0,United Kingdom,online_retail_I,False,19.9
551528,21080,SET/20 RED RETROSPOT PAPER NAPKINS ,5,2011-05-01 12:54:00,0.85,12841.0,United Kingdom,online_retail_I,False,4.25
542058,22609,PENS ASSORTED SPACEBALL,36,2011-01-25 11:59:00,0.21,15601.0,United Kingdom,online_retail_I,False,7.56
552282,22993,SET OF 4 PANTRY JELLY MOULDS,6,2011-05-08 12:44:00,1.25,14040.0,United Kingdom,online_retail_I,False,7.5
501893,84990,60 GOLD AND SILVER FAIRY CAKE CASES,1,2010-03-21 15:03:00,0.55,15005.0,United Kingdom,online_retail_II,False,0.55
520693,21871,SAVE THE PLANET MUG,12,2010-08-29 10:16:00,1.25,13995.0,United Kingdom,online_retail_II,False,15.0
572090,21034,REX CASH+CARRY JUMBO SHOPPER,2,2011-10-20 14:33:00,0.95,13573.0,United Kingdom,online_retail_I,False,1.9
C521233,22423,REGENCY CAKESTAND 3 TIER,-1,2010-09-03 11:17:00,10.95,13093.0,United Kingdom,online_retail_II,True,-10.95
512461,21214,SET OF 72 IVORY PAPER DOILIES,12,2010-06-16 10:23:00,1.45,13338.0,United Kingdom,online_retail_II,False,17.4
551854,23135,SMALL ZINC HEART WALL ORGANISER,4,2011-05-04 14:55:00,5.75,13576.0,United Kingdom,online_retail_I,False,23.0
536995,35951,,57,2010-12-03 15:29:00,0.0,,United Kingdom,online_retail_I,False,0.0
575073,84536A,ENGLISH ROSE NOTEBOOK A7 SIZE,6,2011-11-08 13:10:00,0.42,13975.0,United Kingdom,online_retail_I,False,2.52
565396,85034C,3 ROSE MORRIS BOXED CANDLES,1,2011-09-02 16:39:00,8.29,,United Kingdom,online_retail_I,False,8.29
571046,22629,SPACEBOY LUNCH BOX ,2,2011-10-13 13:35:00,1.95,18096.0,United Kingdom,online_retail_I,False,3.9
496927,22125,UNION JACK HOT WATER BOTTLE ,3,2010-02-04 16:18:00,5.95,17293.0,United Kingdom,online_retail_II,False,17.85
564754,20713,JUMBO BAG OWLS,1,2011-08-30 10:29:00,4.13,,United Kingdom,online_retail_I,False,4.13
499858,22432,WATERING CAN PINK BUNNY,1,2010-03-02 17:04:00,4.21,,United Kingdom,online_retail_II,False,4.21
566213,23291,DOLLY GIRL CHILDRENS CUP,8,2011-09-09 15:09:00,1.25,14895.0,United Kingdom,online_retail_I,False,10.0
526399,22300,COFFEE MUG DOG + BALL DESIGN,6,2010-10-11 13:35:00,2.55,15439.0,United Kingdom,online_retail_II,False,15.299999999999999
570690,22310,IVORY KNITTED MUG COSY ,1,2011-10-11 16:37:00,3.29,,United Kingdom,online_retail_I,False,3.29
562341,20685,DOORMAT RED RETROSPOT,1,2011-08-04 12:13:00,7.95,15005.0,United Kingdom,online_retail_I,False,7.95
558539,23286,BLUE VINTAGE SPOT BEAKER,8,2011-06-30 12:14:00,0.85,16556.0,United Kingdom,online_retail_I,False,6.8
489702,22109,FULL ENGLISH BREAKFAST PLATE,16,2009-12-02 10:52:00,3.39,17511.0,United Kingdom,online_retail_II,False,54.24
489598,21642,ASSORTED TUTTI FRUTTI PEN,24,2009-12-01 14:35:00,0.85,16620.0,United Kingdom,online_retail_II,False,20.4
569563,23306,SET OF 36 DOILIES PANTRY DESIGN,12,2011-10-05 09:46:00,1.45,12481.0,Germany,online_retail_I,False,17.4
497354,82581,TOILET METAL SIGN,1,2010-02-08 16:53:00,1.28,,United Kingdom,online_retail_II,False,1.28
550192,84509B,SET OF 4 FAIRY CAKE PLACEMATS,8,2011-04-15 08:45:00,3.75,12582.0,Finland,online_retail_I,False,30.0
568517,23319,BOX OF 6 MINI 50'S CRACKERS,2,2011-09-27 12:52:00,2.49,14456.0,United Kingdom,online_retail_I,False,4.98
509467,85099B,JUMBO BAG RED RETROSPOT,20,2010-05-24 10:58:00,1.95,13418.0,United Kingdom,online_retail_II,False,39.0
571653,90058B,CRYSTAL STUD EARRINGS ASSORTED COL ,72,2011-10-18 12:17:00,0.38,14298.0,United Kingdom,online_retail_I,False,27.36
544434,90059A,DIAMANTE HAIR GRIP PACK/2 CRYSTAL,6,2011-02-18 16:12:00,1.65,,United Kingdom,online_retail_I,False,9.899999999999999
550182,22178,VICTORIAN GLASS HANGING T-LIGHT,96,2011-04-14 17:44:00,1.06,18198.0,United Kingdom,online_retail_I,False,101.76
508620,22518,CHILDS GARDEN BRUSH BLUE,6,2010-05-17 13:44:00,2.1,17442.0,United Kingdom,online_retail_II,False,12.600000000000001
555349,21179,NO JUNK MAIL METAL SIGN,5,2011-06-02 12:08:00,1.25,16729.0,United Kingdom,online_retail_I,False,6.25
529313,21524,DOORMAT SPOTTY HOME SWEET HOME,1,2010-10-27 13:18:00,7.95,15373.0,United Kingdom,online_retail_II,False,7.95
532983,22575,METAL MERRY CHRISTMAS WREATH,8,2010-11-15 13:54:00,1.95,14911.0,EIRE,online_retail_II,False,15.6
489857,21166,COOK WITH WINE METAL SIGN ,4,2009-12-02 14:43:00,4.3,,United Kingdom,online_retail_II,False,17.2
544463,21933,PINK VINTAGE PAISLEY PICNIC BAG,1,2011-02-20 14:31:00,2.95,12988.0,United Kingdom,online_retail_I,False,2.95
533975,21429,RED GINGHAM ROSE JEWELLERY BOX,4,2010-11-19 13:24:00,1.65,15465.0,United Kingdom,online_retail_II,False,6.6
550016,22621,TRADITIONAL KNITTING NANCY,12,2011-04-14 10:54:00,1.65,15416.0,United Kingdom,online_retail_I,False,19.799999999999997
571552,22909,SET OF 20 VINTAGE CHRISTMAS NAPKINS,12,2011-10-18 08:42:00,0.85,16848.0,United Kingdom,online_retail_I,False,10.2
552821,21385,IVORY HANGING DECORATION  HEART,2,2011-05-11 12:58:00,0.85,18118.0,United Kingdom,online_retail_I,False,1.7
527439,79000,MOROCCAN TEA GLASS,12,2010-10-18 08:42:00,0.85,12376.0,Switzerland,online_retail_II,False,10.2
546764,22558,CLOTHES PEGS RETROSPOT PACK 24 ,12,2011-03-16 14:31:00,1.49,15671.0,United Kingdom,online_retail_I,False,17.88
493075,21912,VINTAGE SNAKES & LADDERS,1,2009-12-22 09:48:00,3.75,,United Kingdom,online_retail_II,False,3.75
524087,21892,TRADITIONAL WOODEN CATCH CUP GAME ,4,2010-09-27 11:41:00,2.51,,United Kingdom,online_retail_II,False,10.04
491686,15056BL,EDWARDIAN PARASOL BLACK,12,2009-12-13 12:50:00,5.95,17920.0,United Kingdom,online_retail_II,False,71.4
531690,48173c,DOORMAT BLACK FLOCK ,1,2010-11-09 11:49:00,16.98,,United Kingdom,online_retail_II,False,16.98
558030,22697,GREEN REGENCY TEACUP AND SAUCER,6,2011-06-24 12:00:00,2.95,16419.0,United Kingdom,online_retail_I,False,17.700000000000003
538524,85129B,BEADED CRYSTAL HEART GREEN SMALL,2,2010-12-13 09:35:00,2.51,,United Kingdom,online_retail_I,False,5.02
566266,22983,CARD BILLBOARD FONT,12,2011-09-11 13:22:00,0.42,17299.0,United Kingdom,online_retail_I,False,5.04
519672,22424,ENAMEL BREAD BIN CREAM,1,2010-08-19 12:21:00,25.49,,United Kingdom,online_retail_II,False,25.49
537065,21556,CERAMIC STRAWBERRY MONEY BOX,6,2010-12-05 11:57:00,2.55,12567.0,France,online_retail_I,False,15.299999999999999
566076,22192,BLUE DINER WALL CLOCK,6,2011-09-09 09:13:00,8.5,12449.0,Belgium,online_retail_I,False,51.0
558774,21576,LETS GO SHOPPING COTTON TOTE BAG,1,2011-07-04 10:17:00,1.63,,United Kingdom,online_retail_I,False,1.63
496338,22114,HOT WATER BOTTLE TEA AND SYMPATHY,6,2010-01-31 15:34:00,3.95,17230.0,United Kingdom,online_retail_II,False,23.700000000000003
573629,22508,DOORSTOP RETROSPOT HEART,4,2011-10-31 15:30:00,3.75,12522.0,Germany,online_retail_I,False,15.0
500091,85205B,PINK FELT EASTER RABBIT GARLAND,1,2010-03-04 12:06:00,5.06,,United Kingdom,online_retail_II,False,5.06
570086,23311,VINTAGE CHRISTMAS STOCKING ,12,2011-10-07 11:22:00,2.55,17086.0,United Kingdom,online_retail_I,False,30.599999999999998
524087,21657,MILK BOTTLE WITH GLASS STOPPER ,2,2010-09-27 11:41:00,14.43,,United Kingdom,online_retail_II,False,28.86
490292,16258B,DAISY ERASERS IN BAG,1,2009-12-04 13:23:00,0.42,16723.0,United Kingdom,online_retail_II,False,0.42
543713,21731,RED TOADSTOOL LED NIGHT LIGHT,10,2011-02-11 11:46:00,4.13,,United Kingdom,online_retail_I,False,41.3
514114,47503A,ASS FLORAL PRINT MULTI SCREWDRIVER,12,2010-06-30 12:49:00,1.25,14555.0,United Kingdom,online_retail_II,False,15.0
552721,22916,HERB MARKER THYME,12,2011-05-11 09:55:00,0.65,14691.0,United Kingdom,online_retail_I,False,7.800000000000001
516475,48184,DOORMAT ENGLISH ROSE ,2,2010-07-20 16:23:00,7.49,14040.0,United Kingdom,online_retail_II,False,14.98
548565,21937,STRAWBERRY   PICNIC BAG,5,2011-04-01 10:23:00,2.95,16180.0,United Kingdom,online_retail_I,False,14.75
514661,22499,WOODEN UNION JACK BUNTING,4,2010-07-05 12:50:00,5.95,14701.0,United Kingdom,online_retail_II,False,23.8
490963,20757,RED DAISY POCKET BOOK ,1,2009-12-08 15:49:00,1.7,,United Kingdom,online_retail_II,False,1.7
573585,22595,GINGHAM HEART DECORATION,7,2011-10-31 14:41:00,1.63,,United Kingdom,online_retail_I,False,11.41
518394,20961,STRAWBERRY BATH SPONGE ,1,2010-08-08 12:35:00,1.25,14606.0,United Kingdom,online_retail_II,False,1.25
580610,23284,DOORMAT KEEP CALM AND COME IN,3,2011-12-05 11:48:00,15.79,,United Kingdom,online_retail_I,False,47.37
528145,21155,RED RETROSPOT PEG BAG,1,2010-10-20 15:56:00,4.21,,United Kingdom,online_retail_II,False,4.21
505969,82551,LAUNDRY 15C METAL SIGN,2,2010-04-26 16:36:00,1.25,17231.0,United Kingdom,online_retail_II,False,2.5
565418,22796,PHOTO FRAME 3 CLASSIC HANGING,2,2011-09-04 12:07:00,9.95,13576.0,United Kingdom,online_retail_I,False,19.9
559052,82494L,WOODEN FRAME ANTIQUE WHITE ,13,2011-07-05 16:53:00,7.46,,United Kingdom,online_retail_I,False,96.98
504139,47505,MINATURE COLOURED GARDENING SET,4,2010-04-11 12:37:00,4.95,17769.0,United Kingdom,online_retail_II,False,19.8
565840,23337,EGG FRYING PAN MINT ,2,2011-09-07 12:02:00,2.08,,United Kingdom,online_retail_I,False,4.16
543546,22197,SMALL POPCORN HOLDER,4,2011-02-09 16:52:00,1.63,,United Kingdom,online_retail_I,False,6.52
550500,84988,SET OF 72 PINK HEART PAPER DOILIES,1,2011-04-18 15:26:00,2.92,,United Kingdom,online_retail_I,False,2.92
503185,21232,STRAWBERRY CERAMIC TRINKET BOX,6,2010-03-30 14:29:00,2.51,,United Kingdom,online_retail_II,False,15.059999999999999
581400,23275,SET OF 3 HANGING OWLS OLLIE BEAK,12,2011-12-08 13:36:00,1.25,14056.0,United Kingdom,online_retail_I,False,15.0
533348,85136A,YELLOW SHARK HELICOPTER,1,2010-11-17 09:23:00,8.47,,United Kingdom,online_retail_II,False,8.47
491206,84841,,-54,2009-12-10 14:10:00,0.0,,United Kingdom,online_retail_II,False,-0.0
581492,21832,CHOCOLATE CALCULATOR,1,2011-12-09 10:03:00,3.29,,United Kingdom,online_retail_I,False,3.29
573904,23046,PAPER LANTERN 9 POINT DELUXE STAR,4,2011-11-01 14:54:00,6.65,14505.0,United Kingdom,online_retail_I,False,26.6
575969,22577,WOODEN HEART CHRISTMAS SCANDINAVIAN,20,2011-11-13 12:47:00,0.29,13571.0,United Kingdom,online_retail_I,False,5.8
516482,22172,METAL SHELF WITH RAIL ,2,2010-07-21 09:27:00,8.5,13976.0,United Kingdom,online_retail_II,False,17.0
537806,22131,FOOD CONTAINER SET 3 LOVE HEART ,12,2010-12-08 13:21:00,1.95,13113.0,United Kingdom,online_retail_I,False,23.4
534289,22766,PHOTO FRAME CORNICE,1,2010-11-22 11:25:00,5.91,,United Kingdom,online_retail_II,False,5.91
494679,35004C,SET OF 3 COLOURED  FLYING DUCKS,3,2010-01-18 10:23:00,5.45,12877.0,United Kingdom,online_retail_II,False,16.35
542789,22385,JUMBO BAG SPACEBOY DESIGN,100,2011-02-01 10:38:00,1.65,17511.0,United Kingdom,online_retail_I,False,165.0
572225,23392,SPACEBOY ROCKET LOLLY MAKERS,6,2011-10-21 13:50:00,2.08,13157.0,United Kingdom,online_retail_I,False,12.48
531477,22688,DOORMAT PEACE ON EARTH BLUE,4,2010-11-08 14:19:00,7.95,13538.0,United Kingdom,online_retail_II,False,31.8
580677,22456,NATURAL SLATE CHALKBOARD LARGE ,1,2011-12-05 14:40:00,4.95,16200.0,United Kingdom,online_retail_I,False,4.95
555495,23199,JUMBO BAG APPLES,10,2011-06-03 14:42:00,2.08,17068.0,United Kingdom,online_retail_I,False,20.8
568056,22631,CIRCUS PARADE LUNCH BOX ,12,2011-09-23 12:55:00,1.95,12705.0,Germany,online_retail_I,False,23.4
526403,84030E,ENGLISH ROSE HOT WATER BOTTLE,1,2010-10-11 13:49:00,8.47,,United Kingdom,online_retail_II,False,8.47
563195,20963,APPLE BATH SPONGE,1,2011-08-12 16:36:00,2.46,,United Kingdom,online_retail_I,False,2.46
491155,22207,FRYING PAN UNION FLAG,2,2009-12-10 09:49:00,8.65,,United Kingdom,online_retail_II,False,17.3
571733,23344,JUMBO BAG 50'S CHRISTMAS ,20,2011-10-19 09:59:00,2.08,16187.0,United Kingdom,online_retail_I,False,41.6
581219,22139,RETROSPOT TEA SET CERAMIC 11 PC ,2,2011-12-08 09:28:00,10.79,,United Kingdom,online_retail_I,False,21.58
538011,21733,RED HANGING HEART T-LIGHT HOLDER,5,2010-12-09 12:24:00,2.95,14896.0,United Kingdom,online_retail_I,False,14.75
567613,84380,SET OF 3 BUTTERFLY COOKIE CUTTERS,12,2011-09-21 11:49:00,1.45,13908.0,United Kingdom,online_retail_I,False,17.4
575736,22944,CHRISTMAS METAL POSTCARD WITH BELLS,72,2011-11-11 08:47:00,0.39,12697.0,Sweden,online_retail_I,False,28.080000000000002
546899,22355,CHARLOTTE BAG SUKI DESIGN,50,2011-03-17 18:27:00,0.72,14298.0,United Kingdom,online_retail_I,False,36.0
514198,21936,RED RETROSPOT PICNIC BAG,1,2010-06-30 15:55:00,5.91,,United Kingdom,online_retail_II,False,5.91
504257,22568,FELTCRAFT CUSHION OWL,4,2010-04-12 13:50:00,3.75,12982.0,United Kingdom,online_retail_II,False,15.0
526484,22482,BLUE TEA TOWEL CLASSIC DESIGN,12,2010-10-12 07:49:00,1.25,17710.0,United Kingdom,online_retail_II,False,15.0
490067,82482,WOODEN PICTURE FRAME WHITE FINISH,6,2009-12-03 14:02:00,2.55,15856.0,United Kingdom,online_retail_II,False,15.299999999999999
511853,21539,RED RETROSPOT BUTTER DISH,6,2010-06-11 08:08:00,4.25,14298.0,United Kingdom,online_retail_II,False,25.5
562932,21221,SET/4 BADGES CUTE CREATURES,1,2011-08-10 16:39:00,1.25,16904.0,United Kingdom,online_retail_I,False,1.25
558754,22729,ALARM CLOCK BAKELIKE ORANGE,1,2011-07-03 12:10:00,3.75,15518.0,United Kingdom,online_retail_I,False,3.75
579399,23209,LUNCH BAG VINTAGE DOILY ,2,2011-11-29 12:09:00,1.65,13137.0,United Kingdom,online_retail_I,False,3.3
543358,21212,PACK OF 72 RETROSPOT CAKE CASES,2,2011-02-07 14:04:00,1.25,,United Kingdom,online_retail_I,False,2.5
567183,22410,MONEY BOX HOUSEKEEPING DESIGN,2,2011-09-18 15:32:00,1.25,14769.0,United Kingdom,online_retail_I,False,2.5
544664,22250,DECORATION  BUTTERFLY  MAGIC GARDEN,16,2011-02-22 14:55:00,0.85,16045.0,United Kingdom,online_retail_I,False,13.6
525448,22507,MEMO BOARD RETROSPOT  DESIGN,2,2010-10-05 14:05:00,4.95,16938.0,United Kingdom,online_retail_II,False,9.9
519600,22383,LUNCH BAG SUKI  DESIGN ,1,2010-08-18 15:47:00,1.65,15353.0,United Kingdom,online_retail_II,False,1.65
534221,84925F,PSYCHEDELIC WALL THERMOMETER,1,2010-11-21 16:15:00,2.55,16049.0,United Kingdom,online_retail_II,False,2.55
580981,23344,JUMBO BAG 50'S CHRISTMAS ,10,2011-12-06 16:02:00,2.08,16201.0,United Kingdom,online_retail_I,False,20.8
517351,20728,LUNCH BAG CARS BLUE,6,2010-07-28 14:43:00,1.65,12484.0,Spain,online_retail_II,False,9.899999999999999
576053,22086,PAPER CHAIN KIT 50'S CHRISTMAS ,5,2011-11-13 14:53:00,2.95,16726.0,United Kingdom,online_retail_I,False,14.75
500658,22131,FOOD CONTAINER SET 3 LOVE HEART ,1,2010-03-09 11:22:00,1.95,12748.0,United Kingdom,online_retail_II,False,1.95
534709,22699,ROSES REGENCY TEACUP AND SAUCER ,4,2010-11-23 16:53:00,5.91,,United Kingdom,online_retail_II,False,23.64
530796,22633,HAND WARMER UNION JACK,2,2010-11-04 12:27:00,2.1,16391.0,United Kingdom,online_retail_II,False,4.2
495102,21042,RED SPOTTY APRON ,2,2010-01-21 11:11:00,5.95,15547.0,United Kingdom,online_retail_II,False,11.9
495189,21717,EASTER TIN BUCKET,8,2010-01-21 14:37:00,2.55,15682.0,United Kingdom,online_retail_II,False,20.4
574691,22487,WHITE WOOD GARDEN PLANT LADDER,1,2011-11-06 13:17:00,9.95,14174.0,United Kingdom,online_retail_I,False,9.95
545821,22759,SET OF 3 NOTEBOOKS IN PARCEL,12,2011-03-07 12:50:00,1.65,13001.0,United Kingdom,online_retail_I,False,19.799999999999997
548148,84692,BOX OF 24 COCKTAIL PARASOLS,3,2011-03-29 12:31:00,0.42,17931.0,United Kingdom,online_retail_I,False,1.26
563549,21876,POTTERING MUG,1,2011-08-17 12:34:00,3.29,,United Kingdom,online_retail_I,False,3.29
546944,48138,DOORMAT UNION FLAG,2,2011-03-18 11:13:00,7.95,14701.0,United Kingdom,online_retail_I,False,15.9
526513,21929,JUMBO BAG PINK VINTAGE PAISLEY,10,2010-10-12 11:04:00,1.95,15039.0,United Kingdom,online_retail_II,False,19.5
C531443,35400,WOODEN BOX ADVENT CALENDAR ,-1,2010-11-08 12:34:00,8.95,14236.0,United Kingdom,online_retail_II,True,-8.95
511052,22090,PAPER BUNTING RETRO SPOTS,1,2010-06-06 12:15:00,2.95,17841.0,United Kingdom,online_retail_II,False,2.95
536353,20723,STRAWBERRY CHARLOTTE BAG,10,2010-11-30 17:43:00,0.85,17160.0,United Kingdom,online_retail_II,False,8.5
521202,82583,HOT BATHS METAL SIGN,1,2010-09-02 17:52:00,4.21,,United Kingdom,online_retail_II,False,4.21
499858,21934,SKULL SHOULDER BAG,1,2010-03-02 17:04:00,3.36,,United Kingdom,online_retail_II,False,3.36
496977,21906,PHARMACIE FIRST AID TIN,2,2010-02-05 09:49:00,6.75,13823.0,United Kingdom,online_retail_II,False,13.5
509745,22452,MEASURING TAPE RUSSIAN DOLL PINK,1,2010-05-25 13:32:00,2.95,17920.0,United Kingdom,online_retail_II,False,2.95
554492,22429,ENAMEL MEASURING JUG CREAM,3,2011-05-24 13:56:00,4.25,13168.0,United Kingdom,online_retail_I,False,12.75
525718,22068,BLACK PIRATE TREASURE CHEST,4,2010-10-06 14:40:00,1.65,,United Kingdom,online_retail_II,False,6.6
553898,22666,RECIPE BOX PANTRY YELLOW DESIGN,48,2011-05-19 17:23:00,2.95,17389.0,United Kingdom,online_retail_I,False,141.60000000000002
491812,20772,GARDEN PATH JOURNAL,108,2009-12-14 13:23:00,0.85,13694.0,United Kingdom,online_retail_II,False,91.8
495070,20694,FLORAL PINK MONSTER,2,2010-01-20 17:50:00,2.51,,United Kingdom,online_retail_II,False,5.02
535398,22530,MAGIC DRAWING SLATE DOLLY GIRL ,1,2010-11-26 11:00:00,0.42,18031.0,United Kingdom,online_retail_II,False,0.42
568786,23202,JUMBO BAG VINTAGE LEAF,20,2011-09-29 09:16:00,2.08,15144.0,United Kingdom,online_retail_I,False,41.6
542899,22450,SILK PURSE BABUSHKA BLUE,1,2011-02-01 14:12:00,3.35,17376.0,United Kingdom,online_retail_I,False,3.35
573585,21821,GLITTER STAR GARLAND WITH BELLS ,1,2011-10-31 14:41:00,7.46,,United Kingdom,online_retail_I,False,7.46
569374,20723,STRAWBERRY CHARLOTTE BAG,1,2011-10-03 16:14:00,1.63,,United Kingdom,online_retail_I,False,1.63
512894,21698,MOCK LOBSTER FRIDGE MAGNET,12,2010-06-18 12:37:00,0.85,13426.0,United Kingdom,online_retail_II,False,10.2
504864,84970S,HANGING HEART ZINC T-LIGHT HOLDER,12,2010-04-18 12:14:00,0.85,13262.0,United Kingdom,online_retail_II,False,10.2
506146,20727,LUNCH BAG  BLACK SKULL.,1,2010-04-27 16:45:00,4.21,,United Kingdom,online_retail_II,False,4.21
535953,21175,GIN + TONIC DIET METAL SIGN,2,2010-11-29 12:13:00,2.1,15039.0,United Kingdom,online_retail_II,False,4.2
489435,22195,HEART MEASURING SPOONS LARGE,24,2009-12-01 07:46:00,1.65,13085.0,United Kingdom,online_retail_II,False,39.599999999999994
574484,23200,JUMBO BAG PEARS,10,2011-11-04 12:50:00,2.08,14388.0,United Kingdom,online_retail_I,False,20.8
561631,22698,PINK REGENCY TEACUP AND SAUCER,6,2011-07-28 14:27:00,2.95,14911.0,EIRE,online_retail_I,False,17.700000000000003
508921,22625,RED KITCHEN SCALES,1,2010-05-19 10:57:00,8.5,15912.0,United Kingdom,online_retail_II,False,8.5
532665,22075,6 RIBBONS ELEGANT CHRISTMAS ,1,2010-11-14 11:37:00,1.65,14052.0,United Kingdom,online_retail_II,False,1.65
572316,21867,PINK UNION JACK  LUGGAGE TAG,1,2011-10-23 16:13:00,1.25,17836.0,United Kingdom,online_retail_I,False,1.25
562553,22382,LUNCH BAG SPACEBOY DESIGN ,1,2011-08-05 16:34:00,4.13,,United Kingdom,online_retail_I,False,4.13
557141,22464,HANGING METAL HEART LANTERN,12,2011-06-17 09:54:00,1.65,16779.0,United Kingdom,online_retail_I,False,19.799999999999997
551174,22411,JUMBO SHOPPER VINTAGE RED PAISLEY,10,2011-04-26 17:02:00,2.08,,United Kingdom,online_retail_I,False,20.8
565120,22699,ROSES REGENCY TEACUP AND SAUCER ,24,2011-09-01 11:41:00,2.55,15206.0,United Kingdom,online_retail_I,False,61.199999999999996
555551,85159A,"BLACK TEA,COFFEE,SUGAR JARS",12,2011-06-05 13:32:00,1.95,14696.0,United Kingdom,online_retail_I,False,23.4
515127,21114,LAVENDER SCENTED FABRIC HEART,15,2010-07-08 14:18:00,1.25,14695.0,United Kingdom,online_retail_II,False,18.75
579503,22326,ROUND SNACK BOXES SET OF4 WOODLAND ,2,2011-11-29 16:23:00,2.95,17097.0,Spain,online_retail_I,False,5.9
500861,21217,RED SPOTTY ROUND CAKE TINS,4,2010-03-10 12:45:00,9.95,14680.0,United Kingdom,online_retail_II,False,39.8
555728,22659,LUNCH BOX I LOVE LONDON,1,2011-06-06 16:41:00,1.95,17252.0,United Kingdom,online_retail_I,False,1.95
517106,22537,MAGIC DRAWING SLATE DINOSAUR,3,2010-07-26 15:17:00,0.42,12867.0,United Kingdom,online_retail_II,False,1.26
540826,21955,DOORMAT UNION JACK GUNS AND ROSES,4,2011-01-11 14:00:00,7.95,13102.0,United Kingdom,online_retail_I,False,31.8
534822,21216,"SET 3 RETROSPOT TEA,COFFEE,SUGAR",1,2010-11-24 12:54:00,4.95,12970.0,United Kingdom,online_retail_II,False,4.95
504935,84905,PINK BUTTERFLY CUSHION COVER ,1,2010-04-19 11:19:00,5.06,,United Kingdom,online_retail_II,False,5.06
522914,21930,JUMBO STORAGE BAG SKULLS,10,2010-09-17 13:53:00,1.95,17139.0,United Kingdom,online_retail_II,False,19.5
562933,23202,JUMBO BAG VINTAGE LEAF,1,2011-08-10 16:51:00,4.13,,United Kingdom,online_retail_I,False,4.13
531922,22554,PLASTERS IN TIN WOODLAND ANIMALS,1,2010-11-10 12:09:00,1.65,17974.0,United Kingdom,online_retail_II,False,1.65
C501751,M,Manual,-1,2010-03-19 11:30:00,6958.17,15760.0,Norway,online_retail_II,True,-6958.17
538248,48138,DOORMAT UNION FLAG,1,2010-12-10 12:14:00,7.95,18116.0,United Kingdom,online_retail_I,False,7.95
521031,21472,LADYBIRD + BEE RAFFIA FOOD COVER,1,2010-09-01 17:17:00,7.62,,United Kingdom,online_retail_II,False,7.62
563093,20725,LUNCH BAG RED RETROSPOT,1,2011-08-11 17:28:00,4.13,,United Kingdom,online_retail_I,False,4.13
581173,21864,UNION JACK FLAG PASSPORT COVER ,1,2011-12-07 15:07:00,2.1,17870.0,United Kingdom,online_retail_I,False,2.1
576383,23487,SWEET HEART CAKE CARRIER,1,2011-11-15 09:31:00,9.95,12883.0,United Kingdom,online_retail_I,False,9.95
494671,21210,SET OF 72 RETRO SPOT PAPER  DOILIES,12,2010-01-17 15:46:00,1.45,14560.0,United Kingdom,online_retail_II,False,17.4
507707,21936,RED RETROSPOT PICNIC BAG,10,2010-05-11 11:17:00,2.95,17428.0,United Kingdom,online_retail_II,False,29.5
566817,23208,LUNCH BAG VINTAGE LEAF DESIGN,30,2011-09-15 10:53:00,1.65,16160.0,United Kingdom,online_retail_I,False,49.5
506410,22198,LARGE POPCORN HOLDER ,12,2010-04-29 13:54:00,1.65,12863.0,United Kingdom,online_retail_II,False,19.799999999999997
535449,22623,BOX OF VINTAGE JIGSAW BLOCKS ,1,2010-11-26 12:50:00,4.95,17516.0,United Kingdom,online_retail_II,False,4.95
513975,21121,SET/10 RED SPOTTY PARTY CANDLES,2,2010-06-29 16:43:00,1.25,13451.0,United Kingdom,online_retail_II,False,2.5
C564104,90070,RUBY GLASS CLUSTER BRACELET,-3,2011-08-23 10:38:00,5.95,12530.0,Germany,online_retail_I,True,-17.85
553680,85123A,WHITE HANGING HEART T-LIGHT HOLDER,10,2011-05-18 13:11:00,2.95,13258.0,United Kingdom,online_retail_I,False,29.5
530067,21481,FAWN BLUE HOT WATER BOTTLE,2,2010-11-01 11:53:00,2.95,16960.0,United Kingdom,online_retail_II,False,5.9
561390,23202,JUMBO BAG VINTAGE LEAF,10,2011-07-27 09:52:00,2.08,17068.0,United Kingdom,online_retail_I,False,20.8
570288,23293,SET OF 12 FAIRY CAKE BAKING CASES,3,2011-10-10 11:47:00,0.83,16960.0,United Kingdom,online_retail_I,False,2.4899999999999998
515181,85049C,ROMANTIC PINKS RIBBONS ,3,2010-07-08 19:12:00,1.25,17231.0,United Kingdom,online_retail_II,False,3.75
521204,84992,72 SWEETHEART FAIRY CAKE CASES,24,2010-09-02 18:13:00,0.55,14667.0,United Kingdom,online_retail_II,False,13.200000000000001
557153,21877,HOME SWEET HOME MUG,2,2011-06-17 11:07:00,1.25,13735.0,United Kingdom,online_retail_I,False,2.5
503823,90167,BEADED LOVE HEART JEWELLERY SET,1,2010-04-07 14:59:00,1.66,,United Kingdom,online_retail_II,False,1.66
516569,22136,LOVE HEART SOCK HANGER,24,2010-07-21 12:45:00,1.65,13093.0,United Kingdom,online_retail_II,False,39.599999999999994
535324,22142,CHRISTMAS CRAFT WHITE FAIRY ,5,2010-11-25 15:26:00,1.45,14482.0,United Kingdom,online_retail_II,False,7.25
513419,21755,LOVE BUILDING BLOCK WORD,6,2010-06-24 12:37:00,5.95,14732.0,United Kingdom,online_retail_II,False,35.7
516430,22367,CHILDRENS APRON SPACEBOY DESIGN,8,2010-07-20 11:47:00,1.95,17511.0,United Kingdom,online_retail_II,False,15.6
553889,21174,POTTERING IN THE SHED METAL SIGN,12,2011-05-19 16:31:00,2.08,13405.0,United Kingdom,online_retail_I,False,24.96
554651,22907,PACK OF 20 NAPKINS PANTRY DESIGN,24,2011-05-25 12:55:00,0.85,12779.0,Poland,online_retail_I,False,20.4
544599,48187,DOORMAT NEW ENGLAND,1,2011-02-21 18:15:00,15.79,,United Kingdom,online_retail_I,False,15.79
511970,22521,CHILDS GARDEN TROWEL PINK,1,2010-06-11 13:59:00,0.85,18022.0,United Kingdom,online_retail_II,False,0.85
511942,22080,RIBBON REEL SPOTS DESIGN ,10,2010-06-11 12:22:00,1.65,16499.0,United Kingdom,online_retail_II,False,16.5
567656,22844,VINTAGE CREAM DOG FOOD CONTAINER,1,2011-09-21 14:40:00,16.63,14096.0,United Kingdom,online_retail_I,False,16.63
576687,22111,SCOTTIE DOG HOT WATER BOTTLE,1,2011-11-16 12:13:00,4.95,13558.0,United Kingdom,online_retail_I,False,4.95
494636,85049C,ROMANTIC PINKS RIBBONS ,2,2010-01-17 10:27:00,1.25,16335.0,United Kingdom,online_retail_II,False,2.5
526122,22631,CIRCUS PARADE LUNCH BOX ,1,2010-10-08 13:31:00,1.95,14662.0,United Kingdom,online_retail_II,False,1.95
528730,21154,RED RETROSPOT OVEN GLOVE ,2,2010-10-24 13:28:00,1.25,13574.0,United Kingdom,online_retail_II,False,2.5
553229,20675,BLUE POLKADOT BOWL,12,2011-05-16 10:50:00,1.25,15039.0,United Kingdom,online_retail_I,False,15.0
552631,23256,CHILDRENS CUTLERY SPACEBOY ,4,2011-05-10 12:55:00,4.15,12684.0,France,online_retail_I,False,16.6
517859,85231B,CINAMMON SET OF 9 T-LIGHTS,6,2010-08-02 14:02:00,0.85,13357.0,United Kingdom,online_retail_II,False,5.1
576083,23545,WRAP RED VINTAGE DOILY,25,2011-11-14 08:22:00,0.42,17404.0,Sweden,online_retail_I,False,10.5
548734,22423,REGENCY CAKESTAND 3 TIER,7,2011-04-04 10:40:00,12.75,13059.0,United Kingdom,online_retail_I,False,89.25
566055,22768,FAMILY PHOTO FRAME CORNICE,1,2011-09-08 15:05:00,9.95,15453.0,United Kingdom,online_retail_I,False,9.95
556086,22156,HEART DECORATION WITH PEARLS ,1,2011-06-08 15:24:00,1.63,,United Kingdom,online_retail_I,False,1.63
521968,72741,GRAND CHOCOLATECANDLE,18,2010-09-09 18:56:00,1.45,14444.0,United Kingdom,online_retail_II,False,26.099999999999998
564432,20754,RETROSPOT RED WASHING UP GLOVES,6,2011-08-25 11:40:00,2.1,13517.0,United Kingdom,online_retail_I,False,12.600000000000001
567372,23432,PRETTY HANGING QUILTED HEARTS,24,2011-09-20 09:24:00,0.83,14191.0,United Kingdom,online_retail_I,False,19.919999999999998
534507,22837,HOT WATER BOTTLE BABUSHKA ,6,2010-11-23 11:43:00,4.65,17841.0,United Kingdom,online_retail_II,False,27.900000000000002
579167,23166,MEDIUM CERAMIC TOP STORAGE JAR,2,2011-11-28 14:06:00,1.25,16800.0,United Kingdom,online_retail_I,False,2.5
502647,84984B,,71,2010-03-25 16:48:00,0.0,,United Kingdom,online_retail_II,False,0.0
522443,22090,PAPER BUNTING RETRO SPOTS,2,2010-09-14 14:30:00,2.95,15998.0,United Kingdom,online_retail_II,False,5.9
538349,85169B,BLACK LOVE BIRD CANDLE,2,2010-12-10 14:59:00,2.51,,United Kingdom,online_retail_I,False,5.02
508962,22494,EMERGENCY FIRST AID TIN ,12,2010-05-19 11:37:00,1.25,15636.0,United Kingdom,online_retail_II,False,15.0
578022,21914,BLUE HARMONICA IN BOX ,1,2011-11-22 13:25:00,1.25,17371.0,United Kingdom,online_retail_I,False,1.25
504705,48111,DOOR MAT 3 SMILEY CATS,2,2010-04-15 19:44:00,7.49,13542.0,United Kingdom,online_retail_II,False,14.98
500005,84934,missing,-1782,2010-03-04 09:49:00,0.0,,United Kingdom,online_retail_II,False,-0.0
531176,22485,SET OF 2 WOODEN MARKET CRATES,4,2010-11-05 14:40:00,12.75,13488.0,United Kingdom,online_retail_II,False,51.0
554117,23300,GARDENERS KNEELING PAD CUP OF TEA ,6,2011-05-22 15:12:00,1.65,13758.0,United Kingdom,online_retail_I,False,9.899999999999999
549130,22286,DECORATION WOBBLY RABBIT METAL ,3,2011-04-06 15:02:00,1.65,14701.0,United Kingdom,online_retail_I,False,4.949999999999999
580727,21328,BALLOONS  WRITING SET ,1,2011-12-05 17:17:00,3.29,14096.0,United Kingdom,online_retail_I,False,3.29
516266,84997C,BLUE 3 PIECE MINI DOTS CUTLERY SET,1,2010-07-19 12:13:00,3.75,15967.0,United Kingdom,online_retail_II,False,3.75
567968,22573,STAR WOODEN CHRISTMAS DECORATION,12,2011-09-23 09:44:00,0.85,12546.0,Spain,online_retail_I,False,10.2
574864,21175,GIN + TONIC DIET METAL SIGN,4,2011-11-07 12:29:00,2.55,14387.0,United Kingdom,online_retail_I,False,10.2
506724,22549,PICTURE DOMINOES,2,2010-05-04 10:02:00,3.36,,United Kingdom,online_retail_II,False,6.72
519228,22492,MINI PAINT SET VINTAGE ,108,2010-08-15 12:40:00,0.65,12583.0,France,online_retail_II,False,70.2
516959,21163,DO NOT TOUCH MY STUFF DOOR HANGER ,6,2010-07-25 16:06:00,1.45,13451.0,United Kingdom,online_retail_II,False,8.7
571257,23344,JUMBO BAG 50'S CHRISTMAS ,3,2011-10-14 17:17:00,4.13,,United Kingdom,online_retail_I,False,12.39
520833,90098,NECKLACE+BRACELET PINK BUTTERFLY,1,2010-08-31 12:41:00,5.06,,United Kingdom,online_retail_II,False,5.06
509460,47590A,BLUE HAPPY BIRTHDAY BUNTING,3,2010-05-24 10:44:00,5.45,12759.0,Netherlands,online_retail_II,False,16.35
545902,22656,VINTAGE BLUE KITCHEN CABINET,1,2011-03-07 17:55:00,125.0,15834.0,United Kingdom,online_retail_I,False,125.0
528645,22780,LIGHT GARLAND BUTTERFILES PINK,3,2010-10-24 12:14:00,4.25,15994.0,United Kingdom,online_retail_II,False,12.75
494381,21243,PINK  SPOTTY PLATE ,2,2010-01-13 17:44:00,3.36,,United Kingdom,online_retail_II,False,6.72
501296,20975,12 PENCILS SMALL TUBE RED SPOTTY,2,2010-03-15 16:02:00,0.65,16242.0,United Kingdom,online_retail_II,False,1.3
542275,22169,FAMILY ALBUM WHITE PICTURE FRAME,8,2011-01-27 10:18:00,7.65,13089.0,United Kingdom,online_retail_I,False,61.2
491155,35810A,ENAMEL PINK COFFEE CONTAINER,1,2009-12-10 09:49:00,4.3,,United Kingdom,online_retail_II,False,4.3
525227,22043,CHRISTMAS CARD SCREEN PRINT ,24,2010-10-04 13:35:00,0.19,17696.0,United Kingdom,online_retail_II,False,4.5600000000000005
540646,21043,APRON MODERN VINTAGE COTTON,2,2011-01-10 14:32:00,4.21,,United Kingdom,online_retail_I,False,8.42
526870,22566,FELTCRAFT HAIRBAND PINK AND PURPLE,12,2010-10-13 13:41:00,0.85,14498.0,United Kingdom,online_retail_II,False,10.2
581578,23215,JINGLE BELL HEART ANTIQUE SILVER,12,2011-12-09 12:16:00,2.08,12713.0,Germany,online_retail_I,False,24.96
572319,20894,HANGING BAUBLE T-LIGHT HOLDER LARGE,1,2011-10-23 16:19:00,2.95,14704.0,United Kingdom,online_retail_I,False,2.95
545568,82484,WOOD BLACK BOARD ANT WHITE FINISH,1,2011-03-03 16:22:00,16.63,,United Kingdom,online_retail_I,False,16.63
561514,22666,RECIPE BOX PANTRY YELLOW DESIGN,6,2011-07-27 15:14:00,2.95,14331.0,United Kingdom,online_retail_I,False,17.700000000000003
581114,22509,SEWING BOX RETROSPOT DESIGN ,1,2011-12-07 12:19:00,3.95,14527.0,United Kingdom,online_retail_I,False,3.95
546031,21707,FOLDING UMBRELLA BLACKBLUE POLKADOT,8,2011-03-09 09:11:00,4.95,13267.0,United Kingdom,online_retail_I,False,39.6
536790,85123A,WHITE HANGING HEART T-LIGHT HOLDER,12,2010-12-02 15:26:00,2.95,17850.0,United Kingdom,online_retail_I,False,35.400000000000006
505963,84664,CHERRY BLOSSOM BATHROOM CABINET,4,2010-04-26 15:20:00,4.95,14401.0,United Kingdom,online_retail_II,False,19.8
490143,90167,BEADED LOVE HEART JEWELLERY SET,24,2009-12-04 08:40:00,0.85,14286.0,United Kingdom,online_retail_II,False,20.4
577844,22113,GREY HEART HOT WATER BOTTLE,1,2011-11-22 10:41:00,9.13,,United Kingdom,online_retail_I,False,9.13
502751,22555,PLASTERS IN TIN STRONGMAN,1,2010-03-26 13:13:00,1.65,17290.0,United Kingdom,online_retail_II,False,1.65
535999,20970,PINK FLORAL FELTCRAFT SHOULDER BAG,1,2010-11-29 14:08:00,3.75,,United Kingdom,online_retail_II,False,3.75
560781,23300,GARDENERS KNEELING PAD CUP OF TEA ,48,2011-07-21 09:43:00,1.45,13969.0,United Kingdom,online_retail_I,False,69.6
554511,20700,GREEN CAT FLORAL CUSHION COVER ,1,2011-05-24 15:52:00,4.13,,United Kingdom,online_retail_I,False,4.13
532146,85232B,SET OF 3 BABUSHKA STACKING TINS,2,2010-11-11 11:55:00,4.95,15039.0,United Kingdom,online_retail_II,False,9.9
490966,72741,GRAND CHOCOLATECANDLE,18,2009-12-08 16:20:00,1.45,17178.0,United Kingdom,online_retail_II,False,26.099999999999998
579187,22419,LIPSTICK PEN RED,18,2011-11-28 15:31:00,0.83,,United Kingdom,online_retail_I,False,14.94
576787,23581,JUMBO BAG PAISLEY PARK,10,2011-11-16 13:54:00,2.08,13815.0,Germany,online_retail_I,False,20.8
526758,22867,HAND WARMER BIRD DESIGN,2,2010-10-13 10:43:00,2.1,14534.0,United Kingdom,online_retail_II,False,4.2
507455,21975,PACK OF 60 DINOSAUR CAKE CASES,24,2010-05-10 10:19:00,0.55,,EIRE,online_retail_II,False,13.200000000000001
536009,22274,FELTCRAFT DOLL EMILY,48,2010-11-29 15:07:00,2.55,12415.0,Australia,online_retail_II,False,122.39999999999999
532437,22294,HEART FILIGREE DOVE  SMALL,3,2010-11-12 11:08:00,1.25,18007.0,United Kingdom,online_retail_II,False,3.75
541262,84760S,SMALL HANGING GLASS+ZINC LANTERN,2,2011-01-16 15:50:00,1.45,18069.0,United Kingdom,online_retail_I,False,2.9
553577,22435,SET OF 9 HEART SHAPED BALLOONS,48,2011-05-18 10:34:00,1.25,12437.0,France,online_retail_I,False,60.0
552285,22604,SET OF 4 NAPKIN CHARMS CUTLERY,3,2011-05-08 12:58:00,2.55,14684.0,United Kingdom,online_retail_I,False,7.6499999999999995
537254,22149,FELTCRAFT 6 FLOWER FRIENDS,2,2010-12-06 11:01:00,2.1,15898.0,United Kingdom,online_retail_I,False,4.2
550638,22982,PANTRY PASTRY BRUSH,1,2011-04-19 15:44:00,2.46,,United Kingdom,online_retail_I,False,2.46
562934,21232,STRAWBERRY CERAMIC TRINKET BOX,2,2011-08-10 16:56:00,2.46,,United Kingdom,online_retail_I,False,4.92
568953,21242,RED RETROSPOT PLATE ,16,2011-09-29 15:31:00,1.69,12728.0,France,online_retail_I,False,27.04
542112,22986,GINGHAM ROSE WRAP,25,2011-01-25 13:55:00,0.42,13168.0,United Kingdom,online_retail_I,False,10.5
563205,22667,RECIPE BOX RETROSPOT ,2,2011-08-14 12:03:00,2.95,14040.0,United Kingdom,online_retail_I,False,5.9
530367,22173,METAL 4 HOOK HANGER FRENCH CHATEAU,8,2010-11-02 16:06:00,2.95,14209.0,United Kingdom,online_retail_II,False,23.6
553556,22250,DECORATION  BUTTERFLY  MAGIC GARDEN,3,2011-05-17 16:48:00,0.85,17530.0,United Kingdom,online_retail_I,False,2.55
517270,21563,RED HEART SHAPE LOVE BUCKET ,12,2010-07-28 09:28:00,2.95,12731.0,France,online_retail_II,False,35.400000000000006
544077,21175,GIN + TONIC DIET METAL SIGN,1,2011-02-15 15:04:00,2.55,14825.0,United Kingdom,online_retail_I,False,2.55
556784,22750,FELTCRAFT PRINCESS LOLA DOLL,2,2011-06-14 13:15:00,3.75,14461.0,United Kingdom,online_retail_I,False,7.5
520406,21540,DAIRY MAID BUTTER DISH,18,2010-08-26 09:23:00,3.75,16652.0,United Kingdom,online_retail_II,False,67.5
532044,22195,LARGE HEART MEASURING SPOONS,2,2010-11-10 14:05:00,1.65,14606.0,United Kingdom,online_retail_II,False,3.3
537237,22553,PLASTERS IN TIN SKULLS,3,2010-12-06 09:58:00,3.36,,United Kingdom,online_retail_I,False,10.08
531737,22475,SKULL DESIGN TV DINNER TRAY,1,2010-11-09 12:36:00,4.95,15044.0,United Kingdom,online_retail_II,False,4.95
546892,35971,ROSE FOLKART HEART DECORATIONS,1,2011-03-17 18:20:00,2.46,,United Kingdom,online_retail_I,False,2.46
550512,22789,T-LIGHT HOLDER SWEETHEART HANGING,2,2011-04-18 16:31:00,1.95,18069.0,United Kingdom,online_retail_I,False,3.9
494239,21877,HOME SWEET HOME MUG,1,2010-01-12 15:48:00,1.25,14081.0,United Kingdom,online_retail_II,False,1.25
521978,POST,POSTAGE,2,2010-09-10 08:50:00,15.0,12760.0,Netherlands,online_retail_II,False,30.0
496921,84247G,"DECOUPAGE,GREETING CARD,",24,2010-02-04 15:49:00,0.42,14081.0,United Kingdom,online_retail_II,False,10.08
509431,22422,TOOTHPASTE TUBE PEN,12,2010-05-23 14:25:00,0.65,15394.0,United Kingdom,online_retail_II,False,7.800000000000001
579938,23328,SET 6 SCHOOL MILK BOTTLES IN CRATE,4,2011-12-01 10:18:00,3.75,14146.0,United Kingdom,online_retail_I,False,15.0
560916,23167,SMALL CERAMIC TOP STORAGE JAR ,24,2011-07-21 18:19:00,0.83,14911.0,EIRE,online_retail_I,False,19.919999999999998
539002,22839,3 TIER CAKE TIN GREEN AND CREAM,2,2010-12-15 12:30:00,14.95,14527.0,United Kingdom,online_retail_I,False,29.9
529995,22899,CHILDREN'S APRON DOLLY GIRL ,6,2010-11-01 08:56:00,2.1,16316.0,United Kingdom,online_retail_II,False,12.600000000000001
530059,22570,FELTCRAFT CUSHION RABBIT,2,2010-11-01 11:32:00,3.75,16161.0,United Kingdom,online_retail_II,False,7.5
558075,22766,PHOTO FRAME CORNICE,3,2011-06-24 17:07:00,2.95,17858.0,United Kingdom,online_retail_I,False,8.850000000000001
557324,21974,SET OF 36 PAISLEY FLOWER DOILIES,2,2011-06-20 09:41:00,2.92,,United Kingdom,online_retail_I,False,5.84
524864,22065,CHRISTMAS PUDDING TRINKET POT ,12,2010-10-01 09:02:00,1.45,14564.0,Channel Islands,online_retail_II,False,17.4
559864,23187,FRENCH STYLE STORAGE JAR BONBONS,48,2011-07-13 10:38:00,0.29,14916.0,United Kingdom,online_retail_I,False,13.919999999999998
568593,22959,WRAP CHRISTMAS VILLAGE,25,2011-09-28 10:54:00,0.42,13988.0,United Kingdom,online_retail_I,False,10.5
540848,22910,PAPER CHAIN KIT VINTAGE CHRISTMAS,1,2011-01-12 09:26:00,5.91,,United Kingdom,online_retail_I,False,5.91
576704,20674,GREEN POLKADOT BOWL,1,2011-11-16 12:29:00,1.25,14527.0,United Kingdom,online_retail_I,False,1.25
501907,22064,PINK DOUGHNUT TRINKET POT ,4,2010-03-21 16:13:00,1.65,13451.0,United Kingdom,online_retail_II,False,6.6
581414,23291,DOLLY GIRL CHILDRENS CUP,1,2011-12-08 14:39:00,1.25,14730.0,United Kingdom,online_retail_I,False,1.25
501010,84380,SET OF 3 BUTTERFLY COOKIE CUTTERS,6,2010-03-11 15:33:00,1.25,13715.0,United Kingdom,online_retail_II,False,7.5
543096,22759,SET OF 3 NOTEBOOKS IN PARCEL,2,2011-02-03 11:39:00,1.65,14044.0,United Kingdom,online_retail_I,False,3.3
526263,21866,UNION JACK FLAG LUGGAGE TAG,12,2010-10-11 10:30:00,1.25,16086.0,United Kingdom,online_retail_II,False,15.0
557390,21360,Show Samples,-4,2011-06-20 11:12:00,0.0,,United Kingdom,online_retail_I,False,-0.0
505720,22563,HAPPY STENCIL CRAFT,2,2010-04-25 13:36:00,1.25,17372.0,United Kingdom,online_retail_II,False,2.5
537192,21107,CREAM SLICE FLANNEL PINK SPOT ,1,2010-12-05 13:42:00,2.95,16402.0,United Kingdom,online_retail_I,False,2.95
538508,22118,JOY WOODEN BLOCK LETTERS,1,2010-12-12 13:32:00,4.95,15998.0,United Kingdom,online_retail_I,False,4.95
567890,21982,PACK OF 12 SUKI TISSUES ,24,2011-09-22 15:40:00,0.39,14125.0,United Kingdom,online_retail_I,False,9.36
497202,22496,SET OF 2 ROUND TINS DUTCH CHEESE,1,2010-02-07 11:38:00,2.95,15059.0,United Kingdom,online_retail_II,False,2.95
C538749,22776,SWEETHEART CAKESTAND 3 TIER,-1,2010-12-14 11:28:00,9.95,15713.0,United Kingdom,online_retail_I,True,-9.95
554514,21080,SET/20 RED RETROSPOT PAPER NAPKINS ,2,2011-05-24 15:58:00,1.63,,United Kingdom,online_retail_I,False,3.26
554643,23175,REGENCY MILK JUG PINK ,24,2011-05-25 12:28:00,2.75,16133.0,United Kingdom,online_retail_I,False,66.0
502771,21786,RAIN HAT WITH RED SPOTS,144,2010-03-26 14:29:00,0.32,13694.0,United Kingdom,online_retail_II,False,46.08
503071,21136,PAINTED METAL PEARS ASSORTED,16,2010-03-30 10:55:00,1.69,14469.0,United Kingdom,online_retail_II,False,27.04
576617,21899,GARAGE KEY FOB,1,2011-11-15 16:57:00,1.63,,United Kingdom,online_retail_I,False,1.63
576321,22445,PENCIL CASE LIFE IS BEAUTIFUL,1,2011-11-14 14:59:00,2.95,14953.0,United Kingdom,online_retail_I,False,2.95
550471,21212,PACK OF 72 RETROSPOT CAKE CASES,1,2011-04-18 13:52:00,1.25,,United Kingdom,online_retail_I,False,1.25
575487,21014,SWISS CHALET TREE DECORATION ,24,2011-11-09 17:11:00,0.29,15450.0,United Kingdom,online_retail_I,False,6.959999999999999
576329,23315,IVORY REFECTORY CLOCK,1,2011-11-14 15:22:00,19.96,,United Kingdom,online_retail_I,False,19.96
533336,22837,HOT WATER BOTTLE BABUSHKA ,4,2010-11-16 18:10:00,4.65,12714.0,France,online_retail_II,False,18.6
573585,22384,LUNCH BAG PINK POLKADOT,3,2011-10-31 14:41:00,4.13,,United Kingdom,online_retail_I,False,12.39
535662,21755,LOVE BUILDING BLOCK WORD,1,2010-11-28 11:37:00,5.95,16782.0,United Kingdom,online_retail_II,False,5.95
C493849,85194L,HANGING SPRING FLOWER EGG LARGE,-2,2010-01-07 15:32:00,0.85,15222.0,United Kingdom,online_retail_II,True,-1.7
573544,22910,PAPER CHAIN KIT VINTAGE CHRISTMAS,4,2011-10-31 13:11:00,2.95,12856.0,United Kingdom,online_retail_I,False,11.8
507359,20727,LUNCH BAG  BLACK SKULL.,10,2010-05-07 15:33:00,1.65,17028.0,United Kingdom,online_retail_II,False,16.5
571670,23130,MISTLETOE HEART WREATH GREEN,4,2011-10-18 13:12:00,4.15,12611.0,Italy,online_retail_I,False,16.6
491434,20713,JUMBO BAG OWLS,10,2009-12-11 10:08:00,1.95,17412.0,United Kingdom,online_retail_II,False,19.5
554102,22633,HAND WARMER UNION JACK,2,2011-05-22 13:40:00,2.1,14647.0,United Kingdom,online_retail_I,False,4.2
513574,22297,HEART IVORY TRELLIS SMALL,4,2010-06-25 15:13:00,2.51,,United Kingdom,online_retail_II,False,10.04
542303,22956,36 FOIL HEART CAKE CASES,6,2011-01-27 11:05:00,2.1,12539.0,Spain,online_retail_I,False,12.600000000000001
518138,85016,SET OF 6 VINTAGE NOTELETS KIT,2,2010-08-04 15:48:00,2.51,,United Kingdom,online_retail_II,False,5.02
500223,20724,RED SPOTTY CHARLOTTE BAG,10,2010-03-05 11:17:00,0.85,14186.0,United Kingdom,online_retail_II,False,8.5
531340,21559,STRAWBERRY LUNCH BOX WITH CUTLERY,1,2010-11-07 12:51:00,2.55,14593.0,United Kingdom,online_retail_II,False,2.55
553044,22554,PLASTERS IN TIN WOODLAND ANIMALS,12,2011-05-13 09:24:00,1.65,12682.0,France,online_retail_I,False,19.799999999999997
501802,20952,PORCELAIN CHERUB BELL SMALL,2,2010-03-19 13:53:00,0.42,,United Kingdom,online_retail_II,False,0.84
517513,48129,DOORMAT TOPIARY,1,2010-07-29 13:28:00,7.49,15023.0,United Kingdom,online_retail_II,False,7.49
494915,85099C,JUMBO  BAG BAROQUE BLACK WHITE,7,2010-01-19 17:12:00,1.95,13564.0,United Kingdom,online_retail_II,False,13.65
556120,20726,LUNCH BAG WOODLAND,10,2011-06-09 10:06:00,1.65,16722.0,United Kingdom,online_retail_I,False,16.5
523647,16169P,WRAP GREEN RUSSIAN FOLKART ,25,2010-09-23 12:33:00,0.42,14507.0,United Kingdom,online_retail_II,False,10.5
544681,22317,FIVE CATS HANGING DECORATION,1,2011-02-22 16:28:00,5.79,,United Kingdom,online_retail_I,False,5.79
569691,22725,ALARM CLOCK BAKELIKE CHOCOLATE,4,2011-10-05 15:09:00,3.75,18223.0,United Kingdom,online_retail_I,False,15.0
541604,22423,REGENCY CAKESTAND 3 TIER,1,2011-01-19 17:23:00,12.75,14572.0,United Kingdom,online_retail_I,False,12.75
505882,21121,SET/10 RED SPOTTY PARTY CANDLES,1,2010-04-26 13:44:00,1.25,14552.0,United Kingdom,online_retail_II,False,1.25
531476,22087,PAPER BUNTING WHITE LACE,40,2010-11-08 14:19:00,2.55,15311.0,United Kingdom,online_retail_II,False,102.0
563100,22807,SET OF 6 T-LIGHTS TOADSTOOLS,6,2011-08-12 09:57:00,2.95,12381.0,Norway,online_retail_I,False,17.700000000000003
504906,22251,BIRDHOUSE DECORATION MAGIC GARDEN,12,2010-04-19 07:14:00,1.06,17850.0,United Kingdom,online_retail_II,False,12.72
492753,84029E,RED WOOLLY HOTTIE WHITE HEART.,4,2009-12-18 13:48:00,3.75,14156.0,EIRE,online_retail_II,False,15.0
C569891,23165,LARGE CERAMIC TOP STORAGE JAR,-2,2011-10-06 15:46:00,1.65,13924.0,United Kingdom,online_retail_I,True,-3.3
580296,23382,BOX OF 6 CHRISTMAS CAKE DECORATIONS,2,2011-12-02 13:49:00,3.75,13780.0,United Kingdom,online_retail_I,False,7.5
547005,16161U,WRAP SUKI AND FRIENDS,25,2011-03-18 14:20:00,0.42,12474.0,Germany,online_retail_I,False,10.5
581324,21115,ROSE CARAVAN DOORSTOP,8,2011-12-08 11:53:00,1.95,14217.0,United Kingdom,online_retail_I,False,15.6
519877,15056BL,EDWARDIAN PARASOL BLACK,3,2010-08-22 10:33:00,5.95,14016.0,EIRE,online_retail_II,False,17.85
577128,23354,6 GIFT TAGS 50'S CHRISTMAS ,2,2011-11-17 19:48:00,0.83,14508.0,United Kingdom,online_retail_I,False,1.66
579255,23483,HANGING  BUTTERFLY T-LIGHT HOLDER,18,2011-11-28 17:09:00,1.25,14901.0,United Kingdom,online_retail_I,False,22.5
574055,21259,VICTORIAN SEWING BOX SMALL ,2,2011-11-02 14:08:00,5.95,16525.0,United Kingdom,online_retail_I,False,11.9
579538,23426,METAL SIGN DROP YOUR PANTS,24,2011-11-30 10:04:00,2.89,14062.0,United Kingdom,online_retail_I,False,69.36
550130,90185A,AMBER DIAMANTE EXPANDABLE RING,6,2011-04-14 13:17:00,4.25,14390.0,United Kingdom,online_retail_I,False,25.5
515013,20727,LUNCH BAG  BLACK SKULL.,1,2010-07-07 16:29:00,4.21,,United Kingdom,online_retail_II,False,4.21
534083,84949,SILVER HANGING T-LIGHT HOLDER,4,2010-11-21 11:52:00,1.65,13668.0,United Kingdom,online_retail_II,False,6.6
490711,72800C,S/4 PINK DINNER CANDLE SILVER FLOCK,1,2009-12-07 15:26:00,2.55,17841.0,United Kingdom,online_retail_II,False,2.55
528694,20668,DISCO BALL CHRISTMAS DECORATION,48,2010-10-24 13:01:00,0.12,15059.0,United Kingdom,online_retail_II,False,5.76
511326,22525,CHILDRENS GARDEN GLOVES PINK,12,2010-06-08 09:07:00,1.25,14825.0,United Kingdom,online_retail_II,False,15.0
544207,20676,RED RETROSPOT BOWL,4,2011-02-17 10:34:00,2.46,,United Kingdom,online_retail_I,False,9.84
564962,35961,FOLKART ZINC HEART CHRISTMAS DEC,2,2011-08-31 14:35:00,0.85,17777.0,United Kingdom,online_retail_I,False,1.7
562593,22753,SMALL YELLOW BABUSHKA NOTEBOOK ,3,2011-08-07 15:43:00,0.85,16549.0,United Kingdom,online_retail_I,False,2.55
562922,22139,RETROSPOT TEA SET CERAMIC 11 PC ,9,2011-08-10 14:26:00,4.95,12594.0,Italy,online_retail_I,False,44.550000000000004
508972,22333,RETRO SPORT PARTY BAG + STICKER SET,6,2010-05-19 11:39:00,1.65,15727.0,United Kingdom,online_retail_II,False,9.899999999999999
516097,85099B,JUMBO BAG RED RETROSPOT,10,2010-07-16 12:04:00,1.95,16946.0,United Kingdom,online_retail_II,False,19.5
518370,22667,RECIPE BOX RETRO SPOT DESIGN,3,2010-08-08 10:25:00,2.95,14562.0,United Kingdom,online_retail_II,False,8.850000000000001
540352,21616,4 PEAR BOTANICAL DINNER CANDLES,1,2011-01-06 14:27:00,2.51,,United Kingdom,online_retail_I,False,2.51
542107,21181,PLEASE ONE PERSON METAL SIGN,2,2011-01-25 13:38:00,2.1,16222.0,United Kingdom,online_retail_I,False,4.2
525755,21982,PACK OF 12 SUKI TISSUES ,1,2010-10-07 10:23:00,0.85,,United Kingdom,online_retail_II,False,0.85
540418,22716,CARD CIRCUS PARADE,1,2011-01-07 11:04:00,0.85,,United Kingdom,online_retail_I,False,0.85
529347,22071,SMALL WHITE RETROSPOT MUG IN BOX ,6,2010-10-28 09:12:00,3.75,13648.0,United Kingdom,online_retail_II,False,22.5
558316,22893,MINI CAKE STAND T-LIGHT HOLDER,2,2011-06-28 11:45:00,0.83,,United Kingdom,online_retail_I,False,1.66
508398,85099F,JUMBO BAG STRAWBERRY,10,2010-05-14 15:14:00,1.95,,United Kingdom,online_retail_II,False,19.5
499314,20798,CLEAR MILKSHAKE GLASS,1,2010-02-26 10:51:00,4.21,,United Kingdom,online_retail_II,False,4.21
517986,21324,HANGING MEDINA LANTERN SMALL,1,2010-08-03 15:17:00,5.91,,United Kingdom,online_retail_II,False,5.91
491888,20996,JAZZ HEARTS ADDRESS BOOK,3,2009-12-14 15:16:00,0.42,15867.0,United Kingdom,online_retail_II,False,1.26
545475,22630,DOLLY GIRL LUNCH BOX,256,2011-03-03 10:59:00,1.65,12415.0,Australia,online_retail_I,False,422.4
510987,22371,AIRLINE BAG VINTAGE TOKYO 78,1,2010-06-04 12:50:00,6.35,13443.0,United Kingdom,online_retail_II,False,6.35
561627,22138,BAKING SET 9 PIECE RETROSPOT ,3,2011-07-28 14:08:00,4.95,12453.0,Austria,online_retail_I,False,14.850000000000001
533785,22749,FELTCRAFT PRINCESS CHARLOTTE DOLL,4,2010-11-18 16:57:00,3.75,17421.0,United Kingdom,online_retail_II,False,15.0
553404,22178,VICTORIAN GLASS HANGING T-LIGHT,24,2011-05-17 08:34:00,1.25,14952.0,United Kingdom,online_retail_I,False,30.0
498549,21670,BLUE SPOT CERAMIC DRAWER KNOB,1,2010-02-19 18:04:00,2.51,,United Kingdom,online_retail_II,False,2.51
515254,21843,RED RETROSPOT CAKE STAND,1,2010-07-09 11:44:00,21.23,,United Kingdom,online_retail_II,False,21.23
492428,48187,DOOR MAT NEW ENGLAND,2,2009-12-17 08:55:00,6.75,18201.0,United Kingdom,online_retail_II,False,13.5
568883,84946,ANTIQUE SILVER T-LIGHT GLASS,12,2011-09-29 12:43:00,1.25,18198.0,United Kingdom,online_retail_I,False,15.0
554137,22328,ROUND SNACK BOXES SET OF 4 FRUITS ,12,2011-05-23 10:13:00,2.95,12708.0,Germany,online_retail_I,False,35.400000000000006
498547,21175,GIN + TONIC DIET METAL SIGN,1,2010-02-19 17:16:00,2.1,18283.0,United Kingdom,online_retail_II,False,2.1
524530,21609,SET 12 LAVENDER  BOTANICAL T-LIGHTS,6,2010-09-29 13:28:00,2.95,17096.0,United Kingdom,online_retail_II,False,17.700000000000003
526647,21787,RAIN PONCHO RETROSPOT,1,2010-10-12 13:39:00,0.85,12748.0,United Kingdom,online_retail_II,False,0.85
535961,22900, SET 2 TEA TOWELS I LOVE LONDON ,1,2010-11-29 12:36:00,2.95,18034.0,United Kingdom,online_retail_II,False,2.95
515259,82581,TOILET METAL SIGN,12,2010-07-09 12:03:00,0.55,13576.0,United Kingdom,online_retail_II,False,6.6000000000000005
533501,22652,TRAVEL SEWING KIT,1,2010-11-17 13:50:00,1.65,15862.0,United Kingdom,online_retail_II,False,1.65
520073,21507,"ELEPHANT, BIRTHDAY CARD, ",12,2010-08-24 09:12:00,0.42,13870.0,United Kingdom,online_retail_II,False,5.04
578344,22372,AIRLINE BAG VINTAGE WORLD CHAMPION ,1,2011-11-24 09:21:00,8.29,,United Kingdom,online_retail_I,False,8.29
532799,21710,FOLDING UMBRELLA PINKWHITE POLKADOT,1,2010-11-14 14:49:00,4.95,14599.0,United Kingdom,online_retail_II,False,4.95
504921,21888,BINGO SET,2,2010-04-19 10:43:00,7.62,,United Kingdom,online_retail_II,False,15.24
559202,37327,ASSTD MULTICOLOUR CIRCLES MUG,48,2011-07-07 10:40:00,0.39,13583.0,United Kingdom,online_retail_I,False,18.72
513438,22646,CERAMIC STRAWBERRY CAKE MONEY BANK,12,2010-06-24 14:13:00,1.45,12779.0,Poland,online_retail_II,False,17.4
526894,22423,REGENCY CAKESTAND 3 TIER,64,2010-10-13 14:52:00,10.95,12471.0,Germany,online_retail_II,False,700.8
507617,21755,LOVE BUILDING BLOCK WORD,3,2010-05-10 14:10:00,5.95,17482.0,United Kingdom,online_retail_II,False,17.85
556425,23242,TREASURE TIN BUFFALO BILL ,12,2011-06-10 12:51:00,2.08,14178.0,United Kingdom,online_retail_I,False,24.96
512567,21614,SET OF 12 ROSE BOTANICAL T-LIGHTS,6,2010-06-16 14:41:00,2.95,14619.0,United Kingdom,online_retail_II,False,17.700000000000003
566612,22349,DOG BOWL CHASING BALL DESIGN,6,2011-09-13 17:16:00,3.75,16229.0,United Kingdom,online_retail_I,False,22.5
523305,21774,DECORATIVE CATS BATHROOM BOTTLE,1,2010-09-21 12:49:00,1.25,12751.0,Brazil,online_retail_II,False,1.25
550278,22624,IVORY KITCHEN SCALES,1,2011-04-15 13:15:00,16.63,,United Kingdom,online_retail_I,False,16.63
578316,22816,CARD MOTORBIKE SANTA,12,2011-11-23 16:43:00,0.42,14189.0,United Kingdom,online_retail_I,False,5.04
491195,85014A,BLACK/BLUE DOTS RUFFLED UMBRELLA,4,2009-12-10 12:57:00,5.95,15805.0,United Kingdom,online_retail_II,False,23.8
537362,21880,RED RETROSPOT TAPE,1,2010-12-06 12:34:00,0.65,17596.0,United Kingdom,online_retail_I,False,0.65
554348,22853,CAT BOWL VINTAGE CREAM,6,2011-05-24 08:49:00,3.25,13523.0,United Kingdom,online_retail_I,False,19.5
515684,22668,PINK BABY BUNTING,5,2010-07-14 11:53:00,2.95,13050.0,United Kingdom,online_retail_II,False,14.75
559817,22251,BIRDHOUSE DECORATION MAGIC GARDEN,7,2011-07-12 16:20:00,0.83,,United Kingdom,online_retail_I,False,5.81
534114,21212,PACK OF 72 RETROSPOT CAKE CASES,4,2010-11-21 12:11:00,0.55,17769.0,United Kingdom,online_retail_II,False,2.2
499502,22242,"HOOK, 5 HANGER , MAGIC TOADSTOOL",1,2010-02-28 15:01:00,1.65,14044.0,United Kingdom,online_retail_II,False,1.65
523612,21901,"KEY FOB , BACK DOOR ",24,2010-09-23 10:44:00,0.65,13001.0,United Kingdom,online_retail_II,False,15.600000000000001
565847,22866,HAND WARMER SCOTTY DOG DESIGN,1,2011-09-07 12:44:00,4.13,,United Kingdom,online_retail_I,False,4.13
505056,22297,HEART IVORY TRELLIS SMALL,24,2010-04-19 14:59:00,1.25,14667.0,United Kingdom,online_retail_II,False,30.0
578316,22732,3D VINTAGE CHRISTMAS STICKERS ,18,2011-11-23 16:43:00,1.25,14189.0,United Kingdom,online_retail_I,False,22.5
568174,22841,ROUND CAKE TIN VINTAGE GREEN,1,2011-09-25 13:23:00,7.95,16261.0,United Kingdom,online_retail_I,False,7.95
534432,20970,PINK FLORAL FELTCRAFT SHOULDER BAG,1,2010-11-22 15:01:00,3.75,18283.0,United Kingdom,online_retail_II,False,3.75
511452,21070,VINTAGE BILLBOARD MUG ,1,2010-06-08 12:44:00,2.51,,United Kingdom,online_retail_II,False,2.51
556108,22427,ENAMEL FLOWER JUG CREAM,1,2011-06-08 17:59:00,11.63,,United Kingdom,online_retail_I,False,11.63
534346,85039A,SET/4 RED MINI ROSE CANDLE IN BOWL,48,2010-11-22 11:51:00,1.45,18287.0,United Kingdom,online_retail_II,False,69.6
555853,23077,DOUGHNUT LIP GLOSS ,20,2011-06-07 13:44:00,1.25,14375.0,United Kingdom,online_retail_I,False,25.0
494387,90166,PINK & WHITE ROSEBUD RING,1,2010-01-14 09:46:00,4.24,,United Kingdom,online_retail_II,False,4.24
525568,22624,IVORY KITCHEN SCALES,4,2010-10-06 09:56:00,8.5,14744.0,United Kingdom,online_retail_II,False,34.0
496592,79323W, WHITE CHERRY LIGHTS,3,2010-02-02 14:51:00,6.75,17920.0,United Kingdom,online_retail_II,False,20.25
491970,21217,RED SPOTTY ROUND CAKE TINS,1,2009-12-14 18:03:00,21.7,,United Kingdom,online_retail_II,False,21.7
579512,23617,SET 10 CARDS SWIRLY XMAS TREE 17104,2,2011-11-29 16:47:00,2.91,,United Kingdom,online_retail_I,False,5.82
493435,20675,BLUE SPOTTY BOWL,5,2010-01-04 12:57:00,1.25,13206.0,United Kingdom,online_retail_II,False,6.25
509441,20723,STRAWBERRY CHARLOTTE BAG,2,2010-05-23 15:52:00,0.85,16794.0,United Kingdom,online_retail_II,False,1.7
557500,22718,CARD CAT AND TREE ,1,2011-06-20 15:27:00,0.83,,United Kingdom,online_retail_I,False,0.83
568674,23546,WRAP PAISLEY PARK ,25,2011-09-28 13:30:00,0.42,12708.0,Germany,online_retail_I,False,10.5
546091,22956,36 FOIL HEART CAKE CASES,6,2011-03-09 11:53:00,2.1,14936.0,Channel Islands,online_retail_I,False,12.600000000000001
527713,22730,ALARM CLOCK BAKELIKE IVORY,8,2010-10-18 15:24:00,3.75,14735.0,United Kingdom,online_retail_II,False,30.0
511544,22386,JUMBO BAG PINK WITH WHITE SPOTS,4,2010-06-08 17:48:00,4.21,,United Kingdom,online_retail_II,False,16.84
528725,22630,DOLLY GIRL LUNCH BOX,2,2010-10-24 13:17:00,1.95,17377.0,United Kingdom,online_retail_II,False,3.9
498569,84880,WHITE WIRE EGG HOLDER,3,2010-02-21 12:50:00,5.95,14911.0,EIRE,online_retail_II,False,17.85
574720,23439,HAND WARMER RED LOVE HEART,2,2011-11-06 14:39:00,2.1,14547.0,United Kingdom,online_retail_I,False,4.2
529168,22603,CHRISTMAS RETROSPOT TREE WOOD,24,2010-10-26 17:55:00,0.85,17593.0,United Kingdom,online_retail_II,False,20.4
541417,85213,MINI  ZINC GARDEN DECORATIONS ,12,2011-01-17 16:23:00,0.85,16033.0,United Kingdom,online_retail_I,False,10.2
532595,22852,DOG BOWL VINTAGE CREAM,1,2010-11-12 14:51:00,4.25,14690.0,United Kingdom,online_retail_II,False,4.25
570690,82578,KITCHEN METAL SIGN,1,2011-10-11 16:37:00,1.25,,United Kingdom,online_retail_I,False,1.25
568912,22899,CHILDREN'S APRON DOLLY GIRL ,4,2011-09-29 13:45:00,2.1,17528.0,United Kingdom,online_retail_I,False,8.4
558765,40001,WHITE BAMBOO RIBS LAMPSHADE,24,2011-07-03 13:12:00,0.85,17312.0,United Kingdom,online_retail_I,False,20.4
576590,23570,TRADITIONAL PICK UP STICKS GAME ,12,2011-11-15 14:30:00,1.25,16240.0,United Kingdom,online_retail_I,False,15.0
497884,22087,PAPER BUNTING WHITE LACE,1,2010-02-14 11:57:00,2.95,16608.0,United Kingdom,online_retail_II,False,2.95
511362,84795B,SUNSET CHECK HAMMOCK,2,2010-06-08 11:14:00,7.95,15039.0,United Kingdom,online_retail_II,False,15.9
556917,21121,SET/10 RED POLKADOT PARTY CANDLES,288,2011-06-15 13:37:00,1.06,12415.0,Australia,online_retail_I,False,305.28000000000003
C517466,37449,CERAMIC CAKE STAND + HANGING CAKES,-1,2010-07-29 11:46:00,9.95,13288.0,United Kingdom,online_retail_II,True,-9.95
516184,21904,HOUSE WRECKING METAL SIGN ,1,2010-07-18 15:45:00,2.1,14343.0,United Kingdom,online_retail_II,False,2.1
563195,22962,JAM JAR WITH PINK LID,4,2011-08-12 16:36:00,1.63,,United Kingdom,online_retail_I,False,6.52
571725,22720,SET OF 3 CAKE TINS PANTRY DESIGN ,3,2011-10-19 08:32:00,4.95,13491.0,United Kingdom,online_retail_I,False,14.850000000000001
541965,22711,WRAP CIRCUS PARADE,25,2011-01-24 13:27:00,0.42,12625.0,Germany,online_retail_I,False,10.5
C500003,21099,SET/6 STRAWBERRY PAPER CUPS,-96,2010-03-04 09:42:00,0.65,16422.0,United Kingdom,online_retail_II,True,-62.400000000000006
558890,84857C,,-24,2011-07-04 15:34:00,0.0,,United Kingdom,online_retail_I,False,-0.0
498578,84978,HANGING HEART JAR T-LIGHT HOLDER,6,2010-02-21 14:18:00,1.25,13980.0,United Kingdom,online_retail_II,False,7.5
494782,21212,PACK OF 72 RETRO SPOT CAKE CASES,6,2010-01-18 13:15:00,1.28,,United Kingdom,online_retail_II,False,7.68
532828,22571,ROCKING HORSE RED CHRISTMAS ,12,2010-11-15 09:49:00,0.85,14784.0,United Kingdom,online_retail_II,False,10.2
565850,23099,FRENCH CARRIAGE LANTERN,1,2011-09-07 12:55:00,6.65,14530.0,United Kingdom,online_retail_I,False,6.65
561085,23199,JUMBO BAG APPLES,10,2011-07-25 09:26:00,2.08,14367.0,United Kingdom,online_retail_I,False,20.8
553892,21733,RED HANGING HEART T-LIGHT HOLDER,6,2011-05-19 16:56:00,2.95,14825.0,United Kingdom,online_retail_I,False,17.700000000000003
516887,84247L,FAWN AND MUSHROOM GREETING CARD,24,2010-07-23 14:27:00,0.42,15808.0,United Kingdom,online_retail_II,False,10.08
500672,21042,RED SPOTTY APRON ,3,2010-03-09 12:23:00,5.95,14527.0,United Kingdom,online_retail_II,False,17.85
550458,22132,RED LOVE HEART SHAPE CUP,2,2011-04-18 13:13:00,1.63,,United Kingdom,online_retail_I,False,3.26
545695,21356,TOAST ITS - FAIRY FLOWER,4,2011-03-06 14:15:00,1.25,17050.0,United Kingdom,online_retail_I,False,5.0
542806,21524,DOORMAT SPOTTY HOME SWEET HOME,1,2011-02-01 11:19:00,7.95,12836.0,United Kingdom,online_retail_I,False,7.95
538881,84559b,3D SHEET OF CAT STICKERS,1,2010-12-14 15:54:00,1.69,,United Kingdom,online_retail_I,False,1.69
506224,21508,VINTAGE KID DOLLY CARD ,5,2010-04-28 11:55:00,0.85,,United Kingdom,online_retail_II,False,4.25
525355,22134,LADLE LOVE HEART RED ,12,2010-10-05 11:32:00,0.42,16062.0,United Kingdom,online_retail_II,False,5.04
525569,84685,BEACH HUT KEY CABINET,4,2010-10-06 10:00:00,3.75,13952.0,United Kingdom,online_retail_II,False,15.0
527498,20975,12 PENCILS SMALL TUBE RED RETROSPOT,2,2010-10-18 12:11:00,0.65,15719.0,United Kingdom,online_retail_II,False,1.3
504340,21497,FANCY FONTS BIRTHDAY WRAP,25,2010-04-12 16:50:00,0.42,13564.0,United Kingdom,online_retail_II,False,10.5
497234,48138,DOOR MAT UNION FLAG,2,2010-02-08 10:09:00,7.49,17230.0,United Kingdom,online_retail_II,False,14.98
541132,84660c,PINK STITCHED WALL CLOCK,1,2011-01-14 10:17:00,7.46,,United Kingdom,online_retail_I,False,7.46
533127,22847,BREAD BIN DINER STYLE IVORY,1,2010-11-16 12:46:00,16.95,13611.0,United Kingdom,online_retail_II,False,16.95
562046,22326,ROUND SNACK BOXES SET OF4 WOODLAND ,12,2011-08-02 10:34:00,2.95,12378.0,Switzerland,online_retail_I,False,35.400000000000006
571244,23173,REGENCY TEAPOT ROSES ,1,2011-10-14 15:46:00,9.95,17180.0,United Kingdom,online_retail_I,False,9.95
497216,47580,TEA TIME DES TEA COSY,5,2010-02-07 14:27:00,2.55,14685.0,United Kingdom,online_retail_II,False,12.75
555591,22681,FRENCH BLUE METAL DOOR SIGN 6,10,2011-06-06 09:59:00,1.25,15073.0,United Kingdom,online_retail_I,False,12.5
543934,22381,TOY TIDY PINK POLKADOT,5,2011-02-14 14:29:00,2.1,12993.0,United Kingdom,online_retail_I,False,10.5
569700,22961,JAM MAKING SET PRINTED,1,2011-10-05 15:56:00,3.29,,United Kingdom,online_retail_I,False,3.29
490074,90158,ST TROPEZ NECKLACE,1,2009-12-03 14:39:00,5.2,,United Kingdom,online_retail_II,False,5.2
556671,22564,ALPHABET STENCIL CRAFT,1,2011-06-13 16:33:00,1.25,17841.0,United Kingdom,online_retail_I,False,1.25
493074,22203,MILK PAN RED RETROSPOT,2,2009-12-22 09:45:00,7.78,,United Kingdom,online_retail_II,False,15.56
581021,22389,PAPERWEIGHT SAVE THE PLANET,12,2011-12-07 10:24:00,0.39,14769.0,United Kingdom,online_retail_I,False,4.68
501624,20765,CHRYSANTHEMUM SKETCHBOOK ,1,2010-03-18 11:39:00,3.75,14651.0,United Kingdom,online_retail_II,False,3.75
502997,DOT,DOTCOM POSTAGE,1,2010-03-29 14:58:00,30.13,,United Kingdom,online_retail_II,False,30.13
505344,85099B,RED RETROSPOT JUMBO BAG ,20,2010-04-21 13:28:00,1.95,16086.0,United Kingdom,online_retail_II,False,39.0
515510,21868,POTTING SHED TEA MUG,12,2010-07-13 11:57:00,1.25,15563.0,United Kingdom,online_retail_II,False,15.0
529818,22211,WOOD STAMP SET FLOWERS,1,2010-10-31 11:22:00,1.65,14087.0,United Kingdom,online_retail_II,False,1.65
496913,79323S, SILVER CHERRY LIGHTS,4,2010-02-04 15:19:00,6.75,16986.0,United Kingdom,online_retail_II,False,27.0
559816,22835,HOT WATER BOTTLE I AM SO POORLY,1,2011-07-12 16:11:00,9.13,,United Kingdom,online_retail_I,False,9.13
566233,23297,SET 40 HEART SHAPE PETIT FOUR CASES,16,2011-09-11 11:04:00,1.65,12635.0,Germany,online_retail_I,False,26.4
527192,22379,RECYCLING BAG RETROSPOT ,10,2010-10-15 11:45:00,2.1,16746.0,United Kingdom,online_retail_II,False,21.0
558748,23206,LUNCH BAG APPLE DESIGN,10,2011-07-03 10:23:00,1.65,17800.0,United Kingdom,online_retail_I,False,16.5
567668,22317,FIVE CATS HANGING DECORATION,1,2011-09-21 15:29:00,5.79,,United Kingdom,online_retail_I,False,5.79
548191,72351A,SET/6 TURQUOISE BUTTERFLY T-LIGHTS,8,2011-03-29 15:20:00,4.13,,United Kingdom,online_retail_I,False,33.04
556910,22121,NOEL WOODEN BLOCK LETTERS ,2,2011-06-15 13:25:00,5.95,12748.0,United Kingdom,online_retail_I,False,11.9
563560,22595,GINGHAM HEART DECORATION,12,2011-08-17 14:00:00,0.85,12971.0,United Kingdom,online_retail_I,False,10.2
530571,22113,GREY HEART HOT WATER BOTTLE,4,2010-11-03 14:22:00,3.75,15752.0,United Kingdom,online_retail_II,False,15.0
571441,22410,MONEY BOX HOUSEKEEPING DESIGN,1,2011-10-17 13:31:00,2.46,14096.0,United Kingdom,online_retail_I,False,2.46
579001,22994,TRAVEL CARD WALLET RETROSPOT,5,2011-11-27 16:19:00,0.42,15555.0,United Kingdom,online_retail_I,False,2.1
507218,37370,RETRO COFFEE MUGS ASSORTED,6,2010-05-06 19:08:00,1.25,14713.0,United Kingdom,online_retail_II,False,7.5
566290,22610,PENS ASSORTED FUNNY FACE,36,2011-09-11 15:24:00,0.19,14456.0,United Kingdom,online_retail_I,False,6.84
525234,21349,IVY HEART WREATH,2,2010-10-04 14:15:00,6.75,15730.0,United Kingdom,online_retail_II,False,13.5
511106,22621,TRADITIONAL KNITTING NANCY,12,2010-06-07 09:43:00,1.45,17071.0,United Kingdom,online_retail_II,False,17.4
560360,35970,ZINC FOLKART SLEIGH BELLS,72,2011-07-18 11:55:00,1.49,12744.0,Singapore,online_retail_I,False,107.28
558195,20728,LUNCH BAG CARS BLUE,10,2011-06-27 12:32:00,1.65,17735.0,United Kingdom,online_retail_I,False,16.5
C574515,79191B,RETRO PLASTIC POLKA TRAY,-12,2011-11-04 13:38:00,0.85,15159.0,United Kingdom,online_retail_I,True,-10.2
563708,22380,TOY TIDY SPACEBOY  ,5,2011-08-18 15:09:00,2.1,17001.0,United Kingdom,online_retail_I,False,10.5
580983,22064,PINK DOUGHNUT TRINKET POT ,1,2011-12-06 16:26:00,3.29,,United Kingdom,online_retail_I,False,3.29
501884,90027A,GLASS BEAD HOOP EARRINGS BLACK,1,2010-03-21 14:04:00,2.95,17611.0,United Kingdom,online_retail_II,False,2.95
556484,22621,TRADITIONAL KNITTING NANCY,4,2011-06-12 13:17:00,1.65,16938.0,United Kingdom,online_retail_I,False,6.6
545995,22469,HEART OF WICKER SMALL,16,2011-03-08 13:54:00,1.65,15023.0,United Kingdom,online_retail_I,False,26.4
546638,21080,SET/20 RED RETROSPOT PAPER NAPKINS ,12,2011-03-15 12:52:00,0.85,15106.0,United Kingdom,online_retail_I,False,10.2
572227,72598,SET/12 TAPER CANDLES,4,2011-10-21 14:01:00,0.85,15051.0,United Kingdom,online_retail_I,False,3.4
558475,23005,TRAVEL CARD WALLET I LOVE LONDON,4,2011-06-29 15:58:00,0.83,,United Kingdom,online_retail_I,False,3.32
568938,21123,SET/10 IVORY POLKADOT PARTY CANDLES,4,2011-09-29 14:46:00,1.25,17220.0,United Kingdom,online_retail_I,False,5.0
507292,85186A,EASTER BUNNY GARLAND OF FLOWERS,1,2010-05-07 14:28:00,0.81,,United Kingdom,online_retail_II,False,0.81
494814,84596E,SMALL LICORICE DES PINK BOWL,3,2010-01-19 09:05:00,1.66,,United Kingdom,online_retail_II,False,4.9799999999999995
543815,21709,FOLDING UMBRELLA CHOCOLATE POLKADOT,1,2011-02-13 15:18:00,4.95,17255.0,United Kingdom,online_retail_I,False,4.95
500918,21165,BEWARE OF THE CAT METAL SIGN ,1,2010-03-11 10:30:00,4.21,,United Kingdom,online_retail_II,False,4.21
C579090,84598,BOYS ALPHABET IRON ON PATCHES,-288,2011-11-28 10:48:00,0.21,12427.0,Germany,online_retail_I,True,-60.48
530377,85038,6 CHOCOLATE LOVE HEART T-LIGHTS,6,2010-11-02 16:32:00,2.1,13921.0,United Kingdom,online_retail_II,False,12.600000000000001
499246,84971S,SMALL HEART FLOWERS HOOK ,5,2010-02-25 13:40:00,1.66,,United Kingdom,online_retail_II,False,8.299999999999999
548388,85038,6 CHOCOLATE LOVE HEART T-LIGHTS,3,2011-03-30 16:52:00,2.1,13268.0,United Kingdom,online_retail_I,False,6.300000000000001
535449,22147,FELTCRAFT BUTTERFLY HEARTS,1,2010-11-26 12:50:00,1.45,17516.0,United Kingdom,online_retail_II,False,1.45
570806,23035,DRAWER KNOB CERAMIC IVORY,6,2011-10-12 12:42:00,1.45,13115.0,United Kingdom,online_retail_I,False,8.7
551277,21844,RED RETROSPOT MUG,6,2011-04-27 13:06:00,2.95,13637.0,United Kingdom,online_retail_I,False,17.700000000000003
535585,22624,IVORY KITCHEN SCALES,2,2010-11-26 15:51:00,8.5,18226.0,United Kingdom,online_retail_II,False,17.0
565542,22606,WOODEN SKITTLES GARDEN SET,1,2011-09-05 12:06:00,15.95,16820.0,United Kingdom,online_retail_I,False,15.95
535078,20728,LUNCH BAG CARS BLUE,10,2010-11-25 08:20:00,1.65,16401.0,United Kingdom,online_retail_II,False,16.5
578149,22899,CHILDREN'S APRON DOLLY GIRL ,1,2011-11-23 11:11:00,4.13,,United Kingdom,online_retail_I,False,4.13
502436,22326,ROUND SNACK BOXES SET OF4 WOODLAND ,1,2010-03-24 13:08:00,2.95,16002.0,United Kingdom,online_retail_II,False,2.95
568211,22464,HANGING METAL HEART LANTERN,12,2011-09-25 15:59:00,1.65,13429.0,United Kingdom,online_retail_I,False,19.799999999999997
523561,22668,PINK BABY BUNTING,1,2010-09-22 15:22:00,5.91,,United Kingdom,online_retail_II,False,5.91
505585,21745,GAOLERS KEYS DECORATIVE GARDEN ,4,2010-04-23 12:19:00,3.75,17448.0,United Kingdom,online_retail_II,False,15.0
492281,21791,VINTAGE HEADS AND TAILS CARD GAME ,12,2009-12-16 11:43:00,1.25,13047.0,United Kingdom,online_retail_II,False,15.0
511174,22469,HEART OF WICKER SMALL,12,2010-06-07 12:08:00,1.65,15249.0,United Kingdom,online_retail_II,False,19.799999999999997
515906,21324,HANGING MEDINA LANTERN SMALL,2,2010-07-15 12:59:00,2.95,12748.0,United Kingdom,online_retail_II,False,5.9
516920,21708,FOLDING UMBRELLA  CREAM/MULTI  SPOT,4,2010-07-25 11:37:00,4.95,14092.0,United Kingdom,online_retail_II,False,19.8
580125,22629,SPACEBOY LUNCH BOX ,12,2011-12-01 17:16:00,1.95,13089.0,United Kingdom,online_retail_I,False,23.4
540821,21547,CERAMIC BIRDHOUSE CRESTED TIT SMALL,2,2011-01-11 13:16:00,5.91,,United Kingdom,online_retail_I,False,11.82
532810,22108,PING! MICROWAVE PLATE,1,2010-11-14 15:23:00,3.75,17545.0,United Kingdom,online_retail_II,False,3.75
576782,22826,LOVE SEAT ANTIQUE WHITE METAL,4,2011-11-16 13:36:00,85.0,17500.0,United Kingdom,online_retail_I,False,340.0
554694,21912,VINTAGE SNAKES & LADDERS,1,2011-05-25 17:06:00,7.46,,United Kingdom,online_retail_I,False,7.46
570703,23301,GARDENERS KNEELING PAD KEEP CALM ,12,2011-10-12 09:50:00,1.65,14911.0,EIRE,online_retail_I,False,19.799999999999997
580469,22075,6 RIBBONS ELEGANT CHRISTMAS ,2,2011-12-04 12:32:00,0.39,14583.0,United Kingdom,online_retail_I,False,0.78
564755,90214E,"LETTER ""E"" BLING KEY RING",1,2011-08-30 10:31:00,0.83,,United Kingdom,online_retail_I,False,0.83
C536250,71477,COLOUR GLASS. STAR T-LIGHT HOLDER,-1,2010-11-30 14:49:00,2.75,14907.0,United Kingdom,online_retail_II,True,-2.75
526202,20972,PINK CREAM FELT CRAFT TRINKET BOX ,24,2010-10-10 13:09:00,1.25,16008.0,United Kingdom,online_retail_II,False,30.0
577341,21121,SET/10 RED POLKADOT PARTY CANDLES,24,2011-11-18 15:00:00,1.25,16279.0,United Kingdom,online_retail_I,False,30.0
533004,22619,SET OF 6 SOLDIER SKITTLES,1,2010-11-15 15:03:00,3.75,17231.0,United Kingdom,online_retail_II,False,3.75
C565044,21479,WHITE SKULL HOT WATER BOTTLE ,-144,2011-08-31 17:02:00,3.39,12931.0,United Kingdom,online_retail_I,True,-488.16
538307,22625,RED KITCHEN SCALES,1,2010-12-10 13:27:00,8.5,14667.0,United Kingdom,online_retail_I,False,8.5
558419,85099F,JUMBO BAG STRAWBERRY,10,2011-06-29 11:41:00,2.08,17702.0,United Kingdom,online_retail_I,False,20.8
561222,22047,EMPIRE GIFT WRAP,25,2011-07-26 09:27:00,0.42,13588.0,United Kingdom,online_retail_I,False,10.5
530087,22376,AIRLINE BAG VINTAGE JET SET WHITE,4,2010-11-01 13:33:00,4.25,16732.0,United Kingdom,online_retail_II,False,17.0
535322,21314,SMALL GLASS HEART TRINKET POT,5,2010-11-25 15:19:00,4.21,,United Kingdom,online_retail_II,False,21.05
494662,82613A,"METAL SIGN,CUPCAKE SINGLE HOOK",8,2010-01-17 14:10:00,1.25,13004.0,United Kingdom,online_retail_II,False,10.0
539590,22295,HEART FILIGREE DOVE LARGE,24,2010-12-20 13:21:00,1.65,14733.0,United Kingdom,online_retail_I,False,39.599999999999994
512286,84836,ZINC METAL HEART DECORATION,6,2010-06-14 14:27:00,1.25,15967.0,United Kingdom,online_retail_II,False,7.5
580727,23207,LUNCH BAG ALPHABET DESIGN,1,2011-12-05 17:17:00,4.13,14096.0,United Kingdom,online_retail_I,False,4.13
491969,22175,PINK OWL SOFT TOY,1,2009-12-14 17:57:00,6.04,,United Kingdom,online_retail_II,False,6.04
C514202,22456,NATURAL SLATE CHALKBOARD LARGE ,-1,2010-06-30 16:09:00,4.25,13662.0,United Kingdom,online_retail_II,True,-4.25
C568345,CRUK,CRUK Commission,-1,2011-09-26 15:28:00,447.56,14096.0,United Kingdom,online_retail_I,True,-447.56
571933,84947,ANTIQUE SILVER TEA GLASS ENGRAVED,72,2011-10-20 08:19:00,1.06,13199.0,United Kingdom,online_retail_I,False,76.32000000000001
528504,21034,REX CASH+CARRY JUMBO SHOPPER,1,2010-10-22 12:22:00,0.95,16428.0,United Kingdom,online_retail_II,False,0.95
550987,22501,PICNIC BASKET WICKER LARGE,1,2011-04-21 18:10:00,20.79,,United Kingdom,online_retail_I,False,20.79
545188,48184,DOORMAT ENGLISH ROSE ,1,2011-02-28 15:19:00,7.95,14056.0,United Kingdom,online_retail_I,False,7.95
576840,35970,ZINC FOLKART SLEIGH BELLS,1,2011-11-16 15:23:00,4.13,,United Kingdom,online_retail_I,False,4.13
502419,84510A,SET OF 4 ENGLISH ROSE COASTERS,1,2010-03-24 12:15:00,1.25,16300.0,United Kingdom,online_retail_II,False,1.25
539451,84279P,CHERRY BLOSSOM  DECORATIVE FLASK,1,2010-12-17 16:59:00,8.47,,United Kingdom,online_retail_I,False,8.47
504376,22348,TEA BAG PLATE RED SPOTTY ,20,2010-04-13 11:31:00,0.85,17460.0,United Kingdom,online_retail_II,False,17.0
550740,20724,RED RETROSPOT CHARLOTTE BAG,32,2011-04-20 11:33:00,2.46,,United Kingdom,online_retail_I,False,78.72
C559939,22082,RIBBON REEL STRIPES DESIGN ,-10,2011-07-14 10:19:00,1.65,14426.0,United Kingdom,online_retail_I,True,-16.5
565616,23318,BOX OF 6 MINI VINTAGE CRACKERS,6,2011-09-05 15:26:00,2.49,15238.0,United Kingdom,online_retail_I,False,14.940000000000001
511174,84755,COLOUR GLASS T-LIGHT HOLDER HANGING,32,2010-06-07 12:08:00,0.65,15249.0,United Kingdom,online_retail_II,False,20.8
512276,21509,COWBOYS AND INDIANS BIRTHDAY CARD ,12,2010-06-14 13:36:00,0.42,12637.0,France,online_retail_II,False,5.04
508873,21078,SET/20 STRAWBERRY PAPER NAPKINS ,8,2010-05-18 16:27:00,0.85,15282.0,United Kingdom,online_retail_II,False,6.8
511065,22568,FELTCRAFT CUSHION OWL,1,2010-06-06 12:52:00,3.75,17954.0,United Kingdom,online_retail_II,False,3.75
515287,82011C,BATHROOM SCALES FOOTPRINTS IN SAND,1,2010-07-09 14:58:00,7.62,,United Kingdom,online_retail_II,False,7.62
548199,20716,PARTY FOOD SHOPPER BAG,10,2011-03-29 16:12:00,1.25,16945.0,United Kingdom,online_retail_I,False,12.5
576236,22728,ALARM CLOCK BAKELIKE PINK,1,2011-11-14 13:31:00,3.75,13755.0,United Kingdom,online_retail_I,False,3.75
514480,21465,PINK FLOWER CROCHET FOOD COVER,1,2010-07-02 14:15:00,3.75,16409.0,United Kingdom,online_retail_II,False,3.75
565197,21108,FAIRY CAKE FLANNEL ASSORTED COLOUR,9,2011-09-01 16:16:00,2.55,13376.0,United Kingdom,online_retail_I,False,22.95
505731,22508,DOORSTOP RETROSPOT HEART,4,2010-04-25 15:09:00,3.75,16558.0,United Kingdom,online_retail_II,False,15.0
523215,22911,PAPER CHAIN KIT LONDON,2,2010-09-21 10:47:00,2.95,12841.0,United Kingdom,online_retail_II,False,5.9
524091,22423,REGENCY CAKESTAND 3 TIER,4,2010-09-27 11:48:00,12.75,17672.0,United Kingdom,online_retail_II,False,51.0
577532,51014L,"FEATHER PEN,LIGHT PINK",12,2011-11-20 14:01:00,0.39,16666.0,United Kingdom,online_retail_I,False,4.68
533469,21364,PEACE SMALL WOOD LETTERS,1,2010-11-17 12:36:00,6.75,16016.0,United Kingdom,online_retail_II,False,6.75
569325,79190A,RETRO PLASTIC 70'S TRAY,1,2011-10-03 12:41:00,0.42,16774.0,United Kingdom,online_retail_I,False,0.42
547247,21155,RED RETROSPOT PEG BAG,6,2011-03-22 09:01:00,2.55,18225.0,United Kingdom,online_retail_I,False,15.299999999999999
569880,90012A,stock check,-18,2011-10-06 15:14:00,0.0,,United Kingdom,online_retail_I,False,-0.0
554666,22469,HEART OF WICKER SMALL,40,2011-05-25 14:54:00,1.45,13599.0,United Kingdom,online_retail_I,False,58.0
514107,84879,ASSORTED COLOUR BIRD ORNAMENT,8,2010-06-30 12:40:00,1.69,14606.0,United Kingdom,online_retail_II,False,13.52
497347,84509G,FAIRY CAKE PLACEMATS ,1,2010-02-08 16:06:00,3.75,17774.0,United Kingdom,online_retail_II,False,3.75
C542271,84927E,FLOWERS TILE HOOK,-2,2011-01-27 09:40:00,2.1,12637.0,France,online_retail_I,True,-4.2
516162,22554,PLASTERS IN TIN WOODLAND ANIMALS,2,2010-07-18 12:07:00,1.65,14553.0,United Kingdom,online_retail_II,False,3.3
508635,22178,VICTORIAN GLASS HANGING T-LIGHT,6,2010-05-17 14:36:00,1.25,13719.0,United Kingdom,online_retail_II,False,7.5
563558,21932,SCANDINAVIAN PAISLEY PICNIC BAG,10,2011-08-17 13:40:00,1.65,14156.0,EIRE,online_retail_I,False,16.5
536000,21704,BAG 250g SWIRLY MARBLES,1,2010-11-29 14:13:00,0.85,14606.0,United Kingdom,online_retail_II,False,0.85
550956,22971,QUEENS GUARD COFFEE MUG,4,2011-04-21 16:37:00,2.55,17179.0,United Kingdom,online_retail_I,False,10.2
573019,21212,PACK OF 72 RETROSPOT CAKE CASES,24,2011-10-27 12:33:00,0.55,15145.0,United Kingdom,online_retail_I,False,13.200000000000001
519344,84673B,BLUE FLY SWAT,24,2010-08-16 12:16:00,0.65,15785.0,United Kingdom,online_retail_II,False,15.600000000000001
526854,22602,CHRISTMAS RETROSPOT HEART WOOD,13,2010-10-13 12:50:00,0.85,14399.0,United Kingdom,online_retail_II,False,11.049999999999999
529157,21731,RED TOADSTOOL LED NIGHT LIGHT,1,2010-10-26 16:49:00,1.65,13969.0,United Kingdom,online_retail_II,False,1.65
542886,84947,ANTIQUE SILVER TEA GLASS ENGRAVED,18,2011-02-01 13:09:00,1.25,16515.0,United Kingdom,online_retail_I,False,22.5
C523381,22617,BAKING SET SPACEBOY DESIGN,-9,2010-09-21 19:40:00,4.95,16080.0,United Kingdom,online_retail_II,True,-44.550000000000004
579147,23222,CHRISTMAS TREE HANGING GOLD,5,2011-11-28 13:20:00,0.83,13263.0,United Kingdom,online_retail_I,False,4.1499999999999995
525448,22565,FELTCRAFT HAIRBANDS PINK AND WHITE ,5,2010-10-05 14:05:00,0.85,16938.0,United Kingdom,online_retail_II,False,4.25
571500,23240,SET OF 4 KNICK KNACK TINS DOILY ,1,2011-10-17 15:09:00,4.15,,United Kingdom,online_retail_I,False,4.15
553505,23110,PARISIENNE KEY CABINET ,2,2011-05-17 13:27:00,5.75,12949.0,United Kingdom,online_retail_I,False,11.5
498553,22150, 3 STRIPEY MICE FELTCRAFT,2,2010-02-21 11:02:00,1.95,15013.0,United Kingdom,online_retail_II,False,3.9
502314,85124A,PINK JUICY FRUIT PHOTO FRAME,6,2010-03-24 09:52:00,2.55,13078.0,United Kingdom,online_retail_II,False,15.299999999999999
526937,79000,MOROCCAN TEA GLASS,12,2010-10-14 10:07:00,0.85,17422.0,United Kingdom,online_retail_II,False,10.2
575628,22119,PEACE WOODEN BLOCK LETTERS,1,2011-11-10 13:31:00,6.95,12844.0,United Kingdom,online_retail_I,False,6.95
490528,47592A,CAROUSEL DES CHILD'S OVERALL,2,2009-12-06 15:48:00,2.1,16686.0,United Kingdom,online_retail_II,False,4.2
536947,21844,RED RETROSPOT MUG,6,2010-12-03 12:29:00,2.95,13013.0,United Kingdom,online_retail_I,False,17.700000000000003
504861,21896,POTTING SHED TWINE,1,2010-04-18 12:05:00,2.1,14702.0,United Kingdom,online_retail_II,False,2.1
546158,22089,PAPER BUNTING VINTAGE PAISLEY,6,2011-03-10 09:30:00,2.95,13899.0,United Kingdom,online_retail_I,False,17.700000000000003
501345,20761,BLUE PAISLEY SKETCHBOOK,20,2010-03-16 10:49:00,3.75,15946.0,United Kingdom,online_retail_II,False,75.0
576339,21914,BLUE HARMONICA IN BOX ,9,2011-11-14 15:27:00,2.46,14096.0,United Kingdom,online_retail_I,False,22.14
562347,82482,WOODEN PICTURE FRAME WHITE FINISH,2,2011-08-04 12:22:00,2.55,13263.0,United Kingdom,online_retail_I,False,5.1
492462,84559B,3D SHEET OF CAT STICKERS,1,2009-12-17 11:33:00,0.85,15862.0,United Kingdom,online_retail_II,False,0.85
500838,22411,JUMBO SHOPPER VINTAGE RED PAISLEY,4,2010-03-10 12:04:00,1.95,15898.0,United Kingdom,online_retail_II,False,7.8
542906,22736,RIBBON REEL MAKING SNOWMEN ,1,2011-02-01 15:12:00,3.29,,United Kingdom,online_retail_I,False,3.29
494280,20728,LUNCH BAG CARS BLUE,10,2010-01-13 10:43:00,1.65,12682.0,France,online_retail_II,False,16.5
563705,21790,VINTAGE SNAP CARDS,12,2011-08-18 14:33:00,0.85,17736.0,United Kingdom,online_retail_I,False,10.2
503549,22567,20 DOLLY PEGS RETROSPOT,1,2010-04-01 15:04:00,2.51,,United Kingdom,online_retail_II,False,2.51
500843,22088,PAPER BUNTING COLOURED LACE,1,2010-03-10 12:13:00,2.95,17348.0,United Kingdom,online_retail_II,False,2.95
520514,48138,DOORMAT UNION FLAG,4,2010-08-26 13:40:00,7.49,16159.0,United Kingdom,online_retail_II,False,29.96
561679,22561,WOODEN SCHOOL COLOURING SET,12,2011-07-28 18:56:00,1.65,15245.0,United Kingdom,online_retail_I,False,19.799999999999997
520417,22612,TEA COSY VINTAGE UNION JACK,1,2010-08-26 09:42:00,7.62,,United Kingdom,online_retail_II,False,7.62
498345,22217,T-LIGHT HOLDER HANGING LACE,12,2010-02-18 11:53:00,1.25,13431.0,United Kingdom,online_retail_II,False,15.0
531782,85114B,IVORY ENCHANTED FOREST PLACEMAT,2,2010-11-09 14:48:00,1.65,16021.0,United Kingdom,online_retail_II,False,3.3
513308,22077,6 RIBBONS RUSTIC CHARM,2,2010-06-23 14:49:00,3.36,,United Kingdom,online_retail_II,False,6.72
533860,22197,SMALL POPCORN HOLDER,4,2010-11-19 11:32:00,0.85,14813.0,United Kingdom,online_retail_II,False,3.4
578149,22141,CHRISTMAS CRAFT TREE TOP ANGEL,6,2011-11-23 11:11:00,4.13,,United Kingdom,online_retail_I,False,24.78
581146,23237,SET OF 4 KNICK KNACK TINS LEAF,1,2011-12-07 13:53:00,4.15,17602.0,United Kingdom,online_retail_I,False,4.15
558368,22692,DOORMAT WELCOME TO OUR HOME,2,2011-06-28 15:36:00,7.95,14329.0,United Kingdom,online_retail_I,False,15.9
512911,21328,BALLOONS  WRITING SET ,1,2010-06-18 14:56:00,3.36,,United Kingdom,online_retail_II,False,3.36
550636,22133,PINK LOVE HEART SHAPE CUP,1,2011-04-19 15:37:00,1.63,,United Kingdom,online_retail_I,False,1.63
501284,21537,RETRO SPOTS PUDDING BOWL,4,2010-03-15 14:19:00,4.25,12714.0,France,online_retail_II,False,17.0
565851,22984,CARD GINGHAM ROSE ,12,2011-09-07 13:06:00,0.42,14911.0,EIRE,online_retail_I,False,5.04
557636,20712,JUMBO BAG WOODLAND ANIMALS,1,2011-06-21 15:41:00,2.08,17841.0,United Kingdom,online_retail_I,False,2.08
573585,22192,BLUE DINER WALL CLOCK,1,2011-10-31 14:41:00,16.63,,United Kingdom,online_retail_I,False,16.63
553702,23152,IVORY SWEETHEART WIRE LETTER RACK ,2,2011-05-18 14:50:00,3.75,13263.0,United Kingdom,online_retail_I,False,7.5
518661,22063,CERAMIC BOWL WITH STRAWBERRY DESIGN,3,2010-08-10 14:07:00,2.95,16926.0,United Kingdom,online_retail_II,False,8.850000000000001
C561725,21672,WHITE SPOT RED CERAMIC DRAWER KNOB,-1,2011-07-29 12:10:00,1.25,17841.0,United Kingdom,online_retail_I,True,-1.25
498154,84380,SET OF 3 BUTTERFLY COOKIE CUTTERS,12,2010-02-17 11:27:00,1.25,14732.0,United Kingdom,online_retail_II,False,15.0
532337,85123A,WHITE HANGING HEART T-LIGHT HOLDER,2,2010-11-11 15:49:00,2.95,13263.0,United Kingdom,online_retail_II,False,5.9
567901,79144C,PAINTED LIGHTBULB RAINBOW DESIGN,2,2011-09-22 16:28:00,0.83,,United Kingdom,online_retail_I,False,1.66
578292,22816,CARD MOTORBIKE SANTA,12,2011-11-23 14:35:00,0.42,13174.0,United Kingdom,online_retail_I,False,5.04
574076,84347,ROTATING SILVER ANGELS T-LIGHT HLDR,1,2011-11-02 15:38:00,4.96,,United Kingdom,online_retail_I,False,4.96
534393,79321,CHILLI LIGHTS,48,2010-11-22 13:09:00,4.25,16013.0,United Kingdom,online_retail_II,False,204.0
576236,21479,WHITE SKULL HOT WATER BOTTLE ,1,2011-11-14 13:31:00,4.25,13755.0,United Kingdom,online_retail_I,False,4.25
547063,22577,WOODEN HEART CHRISTMAS SCANDINAVIAN,5,2011-03-20 13:33:00,0.85,14769.0,United Kingdom,online_retail_I,False,4.25
580727,84077,WORLD WAR 2 GLIDERS ASSTD DESIGNS,13,2011-12-05 17:17:00,0.63,14096.0,United Kingdom,online_retail_I,False,8.19
491407,21133,PAINTED BIRD ASSORTED CHRISTMAS,18,2009-12-10 18:36:00,1.69,14030.0,United Kingdom,online_retail_II,False,30.419999999999998
572103,22925,BLUE GIANT GARDEN THERMOMETER,2,2011-10-20 15:57:00,5.95,17571.0,United Kingdom,online_retail_I,False,11.9
516477,21671,RED SPOT CERAMIC DRAWER KNOB,12,2010-07-20 16:33:00,1.25,14535.0,United Kingdom,online_retail_II,False,15.0
527420,21984,PACK OF 12 PINK PAISLEY TISSUES ,4,2010-10-17 15:50:00,0.29,16549.0,United Kingdom,online_retail_II,False,1.16
555397,22379,RECYCLING BAG RETROSPOT ,1,2011-06-02 17:26:00,4.13,,United Kingdom,online_retail_I,False,4.13
C528930,22652,TRAVEL SEWING KIT,-10,2010-10-25 15:06:00,1.65,14551.0,United Kingdom,online_retail_II,True,-16.5
512068,22470,HEART OF WICKER LARGE,3,2010-06-13 11:22:00,2.95,13561.0,United Kingdom,online_retail_II,False,8.850000000000001
551269,20728,LUNCH BAG CARS BLUE,10,2011-04-27 12:21:00,1.65,12840.0,United Kingdom,online_retail_I,False,16.5
545215,84598,BOYS ALPHABET IRON ON PATCHES,18,2011-02-28 16:47:00,0.42,,United Kingdom,online_retail_I,False,7.56
518983,22026,BANQUET BIRTHDAY  CARD  ,12,2010-08-12 17:01:00,0.42,13214.0,United Kingdom,online_retail_II,False,5.04
556740,23238,SET OF 4 KNICK KNACK TINS LONDON ,1,2011-06-14 12:06:00,4.15,17346.0,United Kingdom,online_retail_I,False,4.15
496290,21429,RED GINGHAM ROSE JEWELLERY BOX,3,2010-01-29 17:55:00,3.36,,United Kingdom,online_retail_II,False,10.08
509640,22079,RIBBON REEL HEARTS DESIGN ,1,2010-05-25 11:04:00,1.65,16883.0,United Kingdom,online_retail_II,False,1.65
550515,85062,PEARL CRYSTAL PUMPKIN T-LIGHT HLDR,3,2011-04-18 17:29:00,1.65,14502.0,United Kingdom,online_retail_I,False,4.949999999999999
564817,22713,CARD I LOVE LONDON ,1,2011-08-30 12:02:00,0.83,,United Kingdom,online_retail_I,False,0.83
579777,21221,SET/4 BADGES CUTE CREATURES,1,2011-11-30 15:13:00,2.46,,United Kingdom,online_retail_I,False,2.46
523200,21989,PACK OF 20 SKULL PAPER NAPKINS,48,2010-09-21 09:26:00,0.85,14676.0,United Kingdom,online_retail_II,False,40.8
564758,21746,SMALL RED RETROSPOT WINDMILL,3,2011-08-30 10:39:00,2.46,,United Kingdom,online_retail_I,False,7.38
580878,84380,SET OF 3 BUTTERFLY COOKIE CUTTERS,12,2011-12-06 12:18:00,1.45,14113.0,United Kingdom,online_retail_I,False,17.4
561388,22030,SWALLOWS GREETING CARD,72,2011-07-27 09:32:00,0.36,12753.0,Japan,online_retail_I,False,25.919999999999998
541139,22379,RECYCLING BAG RETROSPOT ,5,2011-01-14 11:05:00,2.1,15213.0,United Kingdom,online_retail_I,False,10.5
544638,22379,RECYCLING BAG RETROSPOT ,50,2011-02-22 11:33:00,1.85,14688.0,United Kingdom,online_retail_I,False,92.5
521179,22151,PLACE SETTING WHITE HEART,48,2010-09-02 16:00:00,0.42,12831.0,United Kingdom,online_retail_II,False,20.16
549235,23128,FELTCRAFT BOY JEAN-PAUL KIT,1,2011-04-07 11:16:00,4.95,15530.0,United Kingdom,online_retail_I,False,4.95
496291,21866,UNION JACK FLAG LUGGAGE TAG,4,2010-01-31 10:08:00,1.25,16104.0,United Kingdom,online_retail_II,False,5.0
570829,22798,ANTIQUE GLASS DRESSING TABLE POT,8,2011-10-12 13:17:00,2.95,16295.0,United Kingdom,online_retail_I,False,23.6
499914,84663A,GRASS HOPPER WOODEN WALL CLOCK ,1,2010-03-03 12:10:00,5.95,13097.0,United Kingdom,online_retail_II,False,5.95
506249,22497,SET OF 2 TINS VINTAGE BATHROOM ,8,2010-04-28 13:26:00,4.25,12876.0,Belgium,online_retail_II,False,34.0
514165,POST,POSTAGE,4,2010-06-30 15:35:00,18.0,12714.0,France,online_retail_II,False,72.0
554827,20719,WOODLAND CHARLOTTE BAG,200,2011-05-26 15:19:00,0.72,14646.0,Netherlands,online_retail_I,False,144.0
543814,21212,PACK OF 72 RETROSPOT CAKE CASES,24,2011-02-13 15:17:00,0.55,15640.0,United Kingdom,online_retail_I,False,13.200000000000001
580909,23560,SET OF 6 RIBBONS COUNTRY STYLE,6,2011-12-06 13:27:00,2.89,18225.0,United Kingdom,online_retail_I,False,17.34
567552,22197,POPCORN HOLDER,24,2011-09-21 10:40:00,0.85,12583.0,France,online_retail_I,False,20.4
541988,22469,HEART OF WICKER SMALL,40,2011-01-25 08:03:00,1.45,15222.0,United Kingdom,online_retail_I,False,58.0
538592,15056P,EDWARDIAN PARASOL PINK,2,2010-12-13 11:47:00,5.95,15854.0,United Kingdom,online_retail_I,False,11.9
504877,84033,FLAG OF ST GEORGE ,6,2010-04-18 12:45:00,1.65,17085.0,United Kingdom,online_retail_II,False,9.899999999999999
569866,20771,CHRYSANTHEMUM  JOURNAL,2,2011-10-06 14:50:00,2.55,12757.0,Portugal,online_retail_I,False,5.1
577528,23355,HOT WATER BOTTLE KEEP CALM,12,2011-11-20 13:45:00,4.95,15745.0,United Kingdom,online_retail_I,False,59.400000000000006
569319,23355,HOT WATER BOTTLE KEEP CALM,24,2011-10-03 12:17:00,4.15,14290.0,United Kingdom,online_retail_I,False,99.60000000000001
580982,21914,BLUE HARMONICA IN BOX ,4,2011-12-06 16:21:00,1.25,17861.0,United Kingdom,online_retail_I,False,5.0
530927,21466,RED FLOWER CROCHET FOOD COVER,1,2010-11-04 16:51:00,3.75,18181.0,United Kingdom,online_retail_II,False,3.75
524484,22088,PAPER BUNTING COLOURED LACE,6,2010-09-29 11:48:00,2.95,14422.0,United Kingdom,online_retail_II,False,17.700000000000003
574896,22960,JAM MAKING SET WITH JARS,1,2011-11-07 14:51:00,4.25,17014.0,United Kingdom,online_retail_I,False,4.25
527366,21253,SET OF PICTURE FRAME  STICKERS,2,2010-10-17 11:24:00,2.95,15571.0,United Kingdom,online_retail_II,False,5.9
553521,22665,RECIPE BOX BLUE SKETCHBOOK DESIGN,2,2011-05-17 14:35:00,0.0,,United Kingdom,online_retail_I,False,0.0
517977,22415,WHITE TISSUE REAM,3,2010-08-03 14:23:00,7.95,16938.0,United Kingdom,online_retail_II,False,23.85
496579,47591D,PINK FAIRY CAKE CHILD'S APRON,2,2010-02-02 13:48:00,1.95,12748.0,United Kingdom,online_retail_II,False,3.9
522650,21790,VINTAGE SNAP CARDS,12,2010-09-16 10:49:00,0.85,13424.0,United Kingdom,online_retail_II,False,10.2
490057,84032B,CHARLIE + LOLA RED HOT WATER BOTTLE,6,2009-12-03 13:25:00,2.95,17465.0,United Kingdom,online_retail_II,False,17.700000000000003
569685,23183,MOTHER'S KITCHEN SPOON REST ,1,2011-10-05 14:47:00,3.75,16758.0,United Kingdom,online_retail_I,False,3.75
545460,85099C,JUMBO  BAG BAROQUE BLACK WHITE,2,2011-03-02 17:33:00,1.95,13230.0,United Kingdom,online_retail_I,False,3.9
571328,22082,RIBBON REEL STRIPES DESIGN ,10,2011-10-17 11:27:00,1.65,12473.0,Germany,online_retail_I,False,16.5
567901,84568,GIRLS ALPHABET IRON ON PATCHES ,1,2011-09-22 16:28:00,0.42,,United Kingdom,online_retail_I,False,0.42
504139,84993B,75 BLACK PETIT FOUR CASES,3,2010-04-11 12:37:00,0.42,17769.0,United Kingdom,online_retail_II,False,1.26
503823,84406B,CREAM CUPID HEARTS COAT HANGER,1,2010-04-07 14:59:00,6.77,,United Kingdom,online_retail_II,False,6.77
569120,23509,MINI PLAYING CARDS FUN FAIR ,20,2011-09-30 12:58:00,0.42,12583.0,France,online_retail_I,False,8.4
566851,22139,RETROSPOT TEA SET CERAMIC 11 PC ,1,2011-09-15 12:16:00,4.95,15573.0,United Kingdom,online_retail_I,False,4.95
505721,22364,GLASS JAR DIGESTIVE BISCUITS,1,2010-04-25 13:40:00,2.95,15055.0,United Kingdom,online_retail_II,False,2.95
519714,22574,HEART WOODEN CHRISTMAS DECORATION,24,2010-08-19 15:45:00,0.85,17829.0,United Arab Emirates,online_retail_II,False,20.4
569629,85078,SCANDINAVIAN 3 HEARTS NAPKIN RING,24,2011-10-05 11:37:00,0.19,15249.0,United Kingdom,online_retail_I,False,4.5600000000000005
538379,22919,HERB MARKER MINT,1,2010-12-12 11:26:00,0.65,17126.0,United Kingdom,online_retail_I,False,0.65
516351,21929,JUMBO BAG PINK VINTAGE PAISLEY,20,2010-07-20 10:41:00,1.95,15394.0,United Kingdom,online_retail_II,False,39.0
536544,21889,WOODEN BOX OF DOMINOES,2,2010-12-01 14:32:00,2.51,,United Kingdom,online_retail_I,False,5.02
556916,22190,LOCAL CAFE MUG,1,2011-06-15 13:35:00,2.1,16898.0,United Kingdom,online_retail_I,False,2.1
529821,21527,RED RETROSPOT TRADITIONAL TEAPOT ,1,2010-10-31 11:32:00,7.95,13677.0,United Kingdom,online_retail_II,False,7.95
555203,22335,HEART DECORATION PAINTED ZINC ,6,2011-06-01 12:13:00,0.65,17191.0,United Kingdom,online_retail_I,False,3.9000000000000004
527392,22535,MAGIC DRAWING SLATE BUNNIES ,1,2010-10-17 13:28:00,0.42,14044.0,United Kingdom,online_retail_II,False,0.42
523645,22659,LUNCH BOX I LOVE LONDON,2,2010-09-23 12:19:00,1.95,12838.0,United Kingdom,online_retail_II,False,3.9
505176,21791,VINTAGE HEADS AND TAILS CARD GAME ,24,2010-04-20 13:38:00,1.25,17622.0,United Kingdom,online_retail_II,False,30.0
512102,21657,MILK BOTTLE WITH GLASS STOPPER ,1,2010-06-13 13:46:00,6.95,14224.0,United Kingdom,online_retail_II,False,6.95
568900,22274,FELTCRAFT DOLL EMILY,6,2011-09-29 13:21:00,2.95,13647.0,United Kingdom,online_retail_I,False,17.700000000000003
504547,22082,RIBBON REEL STRIPES DESIGN ,5,2010-04-14 12:28:00,1.65,17682.0,United Kingdom,online_retail_II,False,8.25
C495035,21527,RETRO SPOT TRADITIONAL TEAPOT ,-2,2010-01-20 14:16:00,7.95,15358.0,United Kingdom,online_retail_II,True,-15.9
553189,82613B,"METAL SIGN,CUPCAKE SINGLE HOOK",3,2011-05-15 13:14:00,1.25,15033.0,United Kingdom,online_retail_I,False,3.75
521949,21364,PEACE SMALL WOOD LETTERS,2,2010-09-09 17:16:00,6.75,15150.0,United Kingdom,online_retail_II,False,13.5
489612,21185, HOME SWEET HOME  BLACKBOARD,1,2009-12-01 14:55:00,13.0,,United Kingdom,online_retail_II,False,13.0
549906,22423,REGENCY CAKESTAND 3 TIER,1,2011-04-12 16:28:00,12.75,14998.0,United Kingdom,online_retail_I,False,12.75
501854,21034,REX CASH+CARRY JUMBO SHOPPER,1,2010-03-21 11:15:00,0.95,15446.0,United Kingdom,online_retail_II,False,0.95
550196,21977,PACK OF 60 PINK PAISLEY CAKE CASES,2,2011-04-15 10:09:00,0.55,14796.0,United Kingdom,online_retail_I,False,1.1
497493,62094B,TURQ ICE CREAM BUM BAG ,1,2010-02-09 17:38:00,5.06,,United Kingdom,online_retail_II,False,5.06
536592,84912B,GREEN ROSE WASHBAG,1,2010-12-01 17:06:00,3.36,,United Kingdom,online_retail_I,False,3.36
538349,21035,SET/2 RED RETROSPOT TEA TOWELS ,2,2010-12-10 14:59:00,5.91,,United Kingdom,online_retail_I,False,11.82
569533,84879,ASSORTED COLOUR BIRD ORNAMENT,8,2011-10-04 15:21:00,1.69,16374.0,United Kingdom,online_retail_I,False,13.52
553524,23006,TRAVEL CARD WALLET FLOWER MEADOW,1,2011-05-17 14:46:00,0.42,15570.0,United Kingdom,online_retail_I,False,0.42
580482,21787,RAIN PONCHO RETROSPOT,9,2011-12-04 12:44:00,0.85,16033.0,United Kingdom,online_retail_I,False,7.6499999999999995
553146,22699,ROSES REGENCY TEACUP AND SAUCER ,6,2011-05-13 13:52:00,2.95,14873.0,United Kingdom,online_retail_I,False,17.700000000000003
530972,84750B,BLACK SMALL GLASS CAKE STAND,8,2010-11-05 09:47:00,1.95,13846.0,United Kingdom,online_retail_II,False,15.6
569866,22577,WOODEN HEART CHRISTMAS SCANDINAVIAN,1,2011-10-06 14:50:00,0.29,12757.0,Portugal,online_retail_I,False,0.29
494147,21851,LILAC DIAMANTE PEN IN GIFT BOX,6,2010-01-11 14:39:00,2.51,,United Kingdom,online_retail_II,False,15.059999999999999
516752,22668,PINK BABY BUNTING,5,2010-07-22 16:01:00,2.95,13031.0,United Kingdom,online_retail_II,False,14.75
543055,21658,GLASS  BEURRE DISH,4,2011-02-03 10:41:00,3.95,12502.0,Spain,online_retail_I,False,15.8
526286,84832,ZINC WILLIE WINKIE  CANDLE STICK,3,2010-10-11 11:53:00,0.85,14704.0,United Kingdom,online_retail_II,False,2.55
494012,20777,CHRYSANTHEMUM NOTEBOOK,3,2010-01-11 09:31:00,1.7,,United Kingdom,online_retail_II,False,5.1
521494,21179,NO JUNK MAIL METAL SIGN,12,2010-09-06 14:05:00,1.25,13426.0,United Kingdom,online_retail_II,False,15.0
524620,21349,IVY HEART WREATH,2,2010-09-30 10:35:00,6.75,13962.0,United Kingdom,online_retail_II,False,13.5
575726,22445,PENCIL CASE LIFE IS BEAUTIFUL,2,2011-11-10 19:12:00,2.95,16791.0,United Kingdom,online_retail_I,False,5.9
498618,21212,PACK OF 72 RETRO SPOT CAKE CASES,24,2010-02-22 10:24:00,0.55,15382.0,United Kingdom,online_retail_II,False,13.200000000000001
573328,21739,COSY SLIPPER SHOES SMALL GREEN,2,2011-10-30 11:09:00,2.95,16601.0,United Kingdom,online_retail_I,False,5.9
580544,22573,STAR WOODEN CHRISTMAS DECORATION,12,2011-12-05 09:15:00,0.85,15156.0,United Kingdom,online_retail_I,False,10.2
526669,22049,WRAP CHRISTMAS SCREEN PRINT,25,2010-10-12 15:46:00,0.19,14838.0,United Kingdom,online_retail_II,False,4.75
499498,84406B,CREAM CUPID HEARTS COAT HANGER,1,2010-02-28 14:34:00,3.25,14396.0,United Kingdom,online_retail_II,False,3.25
576364,23419,HOME SWEET HOME BOTTLE ,5,2011-11-14 17:40:00,2.08,15009.0,United Kingdom,online_retail_I,False,10.4
544681,20619,TROPICAL PASSPORT COVER ,4,2011-02-22 16:28:00,1.63,,United Kingdom,online_retail_I,False,6.52
514723,22528,GARDENERS KNEELING PAD,6,2010-07-05 17:28:00,1.25,14818.0,United Kingdom,online_retail_II,False,7.5
494685,85066,CREAM SWEETHEART MINI CHEST,1,2010-01-18 11:39:00,25.49,,United Kingdom,online_retail_II,False,25.49
574959,23175,REGENCY MILK JUG PINK ,2,2011-11-08 10:09:00,3.25,17886.0,United Kingdom,online_retail_I,False,6.5
540681,20733,GOLD MINI TAPE MEASURE ,1,2011-01-10 16:25:00,0.85,,United Kingdom,online_retail_I,False,0.85
564957,23023,RIDGED BONNE JAM JAR T-LIGHT HOLDER,6,2011-08-31 13:55:00,1.65,15260.0,United Kingdom,online_retail_I,False,9.899999999999999
562964,22569,FELTCRAFT CUSHION BUTTERFLY,4,2011-08-11 10:29:00,3.75,13488.0,United Kingdom,online_retail_I,False,15.0
505965,21977,PACK OF 60 PINK PAISLEY CAKE CASES,3,2010-04-26 15:43:00,0.55,16242.0,United Kingdom,online_retail_II,False,1.6500000000000001
C536265,21843,RED RETROSPOT CAKE STAND,-1,2010-11-30 15:52:00,10.95,17378.0,United Kingdom,online_retail_II,True,-10.95
532440,22186,RED STAR CARD HOLDER,1,2010-11-12 11:30:00,2.95,14994.0,United Kingdom,online_retail_II,False,2.95
533996,21908,CHOCOLATE THIS WAY METAL SIGN,12,2010-11-19 14:14:00,2.1,17865.0,United Kingdom,online_retail_II,False,25.200000000000003
571670,22966,GINGERBREAD MAN COOKIE CUTTER,12,2011-10-18 13:12:00,1.25,12611.0,Italy,online_retail_I,False,15.0
556068,21402,RED  EGG  SPOON,48,2011-06-08 14:39:00,0.12,12748.0,United Kingdom,online_retail_I,False,5.76
547240,21231,SWEETHEART CERAMIC TRINKET BOX,4,2011-03-21 16:32:00,1.25,17585.0,United Kingdom,online_retail_I,False,5.0
544177,47566,PARTY BUNTING,100,2011-02-16 14:27:00,4.15,13001.0,United Kingdom,online_retail_I,False,415.00000000000006
574747,22693,GROW A FLYTRAP OR SUNFLOWER IN TIN,24,2011-11-07 08:34:00,1.25,15618.0,United Kingdom,online_retail_I,False,30.0
505008,20914,SET/5 RED SPOTTY LID GLASS BOWLS,30,2010-04-19 12:55:00,2.95,15538.0,United Kingdom,online_retail_II,False,88.5
515809,22469,HEART OF WICKER SMALL,4,2010-07-14 17:13:00,3.36,,United Kingdom,online_retail_II,False,13.44
543802,21658,GLASS  BEURRE DISH,5,2011-02-13 12:03:00,3.95,13742.0,United Kingdom,online_retail_I,False,19.75
532048,22642,SET OF 4 NAPKIN CHARMS STARS   ,24,2010-11-10 14:11:00,2.55,16422.0,United Kingdom,online_retail_II,False,61.199999999999996
578011,23434,3 RAFFIA RIBBONS 50'S CHRISTMAS ,10,2011-11-22 12:52:00,0.79,15150.0,United Kingdom,online_retail_I,False,7.9
501473,21955,DOOR MAT UNION JACK GUNS AND ROSES,10,2010-03-16 16:31:00,6.35,17511.0,United Kingdom,online_retail_II,False,63.5
501161,35004C,SET OF 3 COLOURED  FLYING DUCKS,1,2010-03-15 09:28:00,12.72,,United Kingdom,online_retail_II,False,12.72
519714,21907,I'M ON HOLIDAY METAL SIGN,12,2010-08-19 15:45:00,2.1,17829.0,United Arab Emirates,online_retail_II,False,25.200000000000003
563020,22979,PANTRY WASHING UP BRUSH,12,2011-08-11 12:58:00,1.45,12428.0,Finland,online_retail_I,False,17.4
525709,22454,MEASURING TAPE BABUSHKA RED,1,2010-10-06 13:44:00,2.95,13554.0,United Kingdom,online_retail_II,False,2.95
549524,22983,CARD BILLBOARD FONT,2,2011-04-08 15:42:00,0.83,,United Kingdom,online_retail_I,False,1.66
507240,22403,MAGNETS PACK OF 4 VINTAGE LABELS ,12,2010-05-07 09:56:00,1.25,15498.0,United Kingdom,online_retail_II,False,15.0
526223,21781,MA CAMPAGNE CUTLERY BOX,1,2010-10-10 14:59:00,14.95,14606.0,United Kingdom,online_retail_II,False,14.95
543447,22360,GLASS JAR ENGLISH CONFECTIONERY,6,2011-02-08 12:01:00,2.95,16265.0,United Kingdom,online_retail_I,False,17.700000000000003
548160,21640,ASSORTED TUTTI FRUTTI  FOB NOTEBOOK,24,2011-03-29 13:33:00,0.85,16253.0,United Kingdom,online_retail_I,False,20.4
567878,23321,SMALL WHITE HEART OF WICKER,2,2011-09-22 14:42:00,1.65,16910.0,United Kingdom,online_retail_I,False,3.3
507376,22185,SLATE TILE NATURAL HANGING,3,2010-05-09 11:29:00,1.65,13979.0,United Kingdom,online_retail_II,False,4.949999999999999
575726,22170,PICTURE FRAME WOOD TRIPLE PORTRAIT,3,2011-11-10 19:12:00,6.75,16791.0,United Kingdom,online_retail_I,False,20.25
560433,90161C,ANT COPPER LIME BOUDICCA BRACELET,1,2011-07-18 15:49:00,4.98,,United Kingdom,online_retail_I,False,4.98
546776,37449,CERAMIC CAKE STAND + HANGING CAKES,2,2011-03-16 16:08:00,9.95,17460.0,United Kingdom,online_retail_I,False,19.9
547360,21977,PACK OF 60 PINK PAISLEY CAKE CASES,24,2011-03-22 12:30:00,0.55,16135.0,United Kingdom,online_retail_I,False,13.200000000000001
560772,20981,12 PENCILS TALL TUBE WOODLAND,6,2011-07-20 16:12:00,1.63,,United Kingdom,online_retail_I,False,9.78
491432,84839,SWEETHEART KEY CABINET,2,2009-12-11 09:58:00,6.75,16293.0,United Kingdom,online_retail_II,False,13.5
508840,22487,WHITE WOOD GARDEN PLANT LADDER,1,2010-05-18 14:06:00,9.95,14744.0,United Kingdom,online_retail_II,False,9.95
568369,84692,BOX OF 24 COCKTAIL PARASOLS,25,2011-09-26 16:15:00,0.42,16710.0,United Kingdom,online_retail_I,False,10.5
490963,85097B,BLUE ROCKING SINGING CANARY,1,2009-12-08 15:49:00,7.78,,United Kingdom,online_retail_II,False,7.78
574298,22107,PIZZA PLATE IN BOX,1,2011-11-03 15:56:00,3.29,,United Kingdom,online_retail_I,False,3.29
567878,22209,WOOD STAMP SET HAPPY BIRTHDAY,2,2011-09-22 14:42:00,0.83,16910.0,United Kingdom,online_retail_I,False,1.66
553164,21877,HOME SWEET HOME MUG,1,2011-05-13 16:12:00,1.25,17961.0,United Kingdom,online_retail_I,False,1.25
535173,22063,CERAMIC BOWL WITH STRAWBERRY DESIGN,6,2010-11-25 11:55:00,2.95,13113.0,United Kingdom,online_retail_II,False,17.700000000000003
534742,22420,LIPSTICK PEN BABY PINK,12,2010-11-24 09:34:00,0.42,17744.0,United Kingdom,online_retail_II,False,5.04
553570,22983,CARD BILLBOARD FONT,12,2011-05-18 09:23:00,0.42,13756.0,United Kingdom,online_retail_I,False,5.04
569015,20981,12 PENCILS TALL TUBE WOODLAND,12,2011-09-30 09:20:00,0.85,13575.0,United Kingdom,online_retail_I,False,10.2
577785,23500,KEY RING BASEBALL BOOT ASSORTED ,20,2011-11-21 16:25:00,1.25,16369.0,United Kingdom,online_retail_I,False,25.0
492414,84380,SET OF 3 BUTTERFLY COOKIE CUTTERS,3,2009-12-16 17:01:00,2.57,,United Kingdom,online_retail_II,False,7.709999999999999
515425,84375,SET OF 20 KIDS COOKIE CUTTERS,12,2010-07-12 13:35:00,1.95,17651.0,United Kingdom,online_retail_II,False,23.4
577174,22753,SMALL YELLOW BABUSHKA NOTEBOOK ,4,2011-11-18 10:58:00,0.85,17841.0,United Kingdom,online_retail_I,False,3.4
568086,22562,MONSTERS STENCIL CRAFT,24,2011-09-23 14:39:00,1.25,14944.0,United Kingdom,online_retail_I,False,30.0
494381,20695,FLORAL BLUE MONSTER,4,2010-01-13 17:44:00,3.36,,United Kingdom,online_retail_II,False,13.44
530273,22423,REGENCY CAKESTAND 3 TIER,2,2010-11-02 11:52:00,12.75,12843.0,United Kingdom,online_retail_II,False,25.5
563076,23206,LUNCH BAG APPLE DESIGN,100,2011-08-11 16:12:00,1.45,14646.0,Netherlands,online_retail_I,False,145.0
539475,22814,CARD PARTY GAMES ,12,2010-12-19 14:41:00,0.42,16686.0,United Kingdom,online_retail_I,False,5.04
575739,22086,PAPER CHAIN KIT 50'S CHRISTMAS ,4,2011-11-11 09:05:00,5.79,,United Kingdom,online_retail_I,False,23.16
490149,20733,GOLD MINI TAPE MEASURE ,2,2009-12-04 09:43:00,1.7,,United Kingdom,online_retail_II,False,3.4
509354,22429,ENAMEL MEASURING JUG CREAM,1,2010-05-21 13:37:00,4.25,14744.0,United Kingdom,online_retail_II,False,4.25
510997,22077,6 RIBBONS RUSTIC CHARM,3,2010-06-04 14:32:00,1.65,13564.0,United Kingdom,online_retail_II,False,4.949999999999999
578146,23541,WALL ART CLASSIC PUDDINGS ,1,2011-11-23 11:07:00,8.25,13742.0,United Kingdom,online_retail_I,False,8.25
557569,20711,JUMBO BAG TOYS ,10,2011-06-21 10:46:00,2.08,12474.0,Germany,online_retail_I,False,20.8
545980,22738,RIBBON REEL SNOWY VILLAGE,1,2011-03-08 12:49:00,1.65,14730.0,United Kingdom,online_retail_I,False,1.65
531245,21179,NO JUNK MAIL METAL SIGN,1,2010-11-07 10:53:00,1.25,13259.0,United Kingdom,online_retail_II,False,1.25
522057,22613,PACK OF 20 SPACEBOY NAPKINS,1,2010-09-10 15:48:00,0.85,,United Kingdom,online_retail_II,False,0.85
570827,21716,BOYS VINTAGE TIN SEASIDE BUCKET,2,2011-10-12 13:14:00,2.55,15831.0,United Kingdom,online_retail_I,False,5.1
520363,21626,VINTAGE UNION JACK PENNANT,2,2010-08-25 14:04:00,4.21,,United Kingdom,online_retail_II,False,8.42
490081,22119, PEACE WOODEN BLOCK LETTERS,6,2009-12-03 15:32:00,6.95,13786.0,United Kingdom,online_retail_II,False,41.7
506698,22607,WOODEN ROUNDERS GARDEN SET ,2,2010-05-02 13:34:00,8.5,14740.0,United Kingdom,online_retail_II,False,17.0
502844,22519,CHILDS GARDEN BRUSH PINK,6,2010-03-28 13:38:00,2.1,14291.0,United Kingdom,online_retail_II,False,12.600000000000001
497591,37351,ORANGE FLOWER MUG ,1,2010-02-10 18:02:00,11.02,,United Kingdom,online_retail_II,False,11.02
516954,21576,LETS GO SHOPPING COTTON TOTE BAG,1,2010-07-25 15:40:00,2.25,13137.0,United Kingdom,online_retail_II,False,2.25
522097,21777,RECIPE BOX WITH METAL HEART,6,2010-09-12 13:49:00,7.95,14898.0,United Kingdom,online_retail_II,False,47.7
492525,21821,GLITTER STAR GARLAND WITH BELLS ,1,2009-12-17 12:32:00,3.75,12748.0,United Kingdom,online_retail_II,False,3.75
502853,21985,PACK OF 12 HEARTS DESIGN TISSUES ,12,2010-03-28 14:47:00,0.29,17589.0,United Kingdom,online_retail_II,False,3.4799999999999995
559506,51014A,"FEATHER PEN,HOT PINK",2,2011-07-08 15:17:00,0.83,,United Kingdom,online_retail_I,False,1.66
534154,20972,PINK CREAM FELT CRAFT TRINKET BOX ,2,2010-11-21 12:29:00,1.25,16007.0,United Kingdom,online_retail_II,False,2.5
549548,22196,SMALL HEART MEASURING SPOONS,1,2011-04-10 11:35:00,0.85,13548.0,United Kingdom,online_retail_I,False,0.85
505684,35471D,SET OF 3 BIRD LIGHT PINK FEATHER ,1,2010-04-23 16:16:00,2.51,,United Kingdom,online_retail_II,False,2.51
523923,20967,GREY FLORAL FELTCRAFT SHOULDER BAG,4,2010-09-24 16:25:00,3.75,13513.0,United Kingdom,online_retail_II,False,15.0
568057,21843,RED RETROSPOT CAKE STAND,1,2011-09-23 12:56:00,20.79,,United Kingdom,online_retail_I,False,20.79
528633,22390,PAPERWEIGHT CHILDHOOD MEMORIES,2,2010-10-24 11:25:00,2.55,13544.0,United Kingdom,online_retail_II,False,5.1
520953,22090,PAPER BUNTING RETRO SPOTS,12,2010-09-01 11:49:00,2.95,12841.0,United Kingdom,online_retail_II,False,35.400000000000006
580697,23058,CHRISTMAS HANGING SNOWFLAKE,2,2011-12-05 16:05:00,0.79,15984.0,United Kingdom,online_retail_I,False,1.58
577791,23263,SET OF 3 WOODEN HEART DECORATIONS,12,2011-11-21 16:36:00,1.25,17100.0,United Kingdom,online_retail_I,False,15.0
521469,20914,SET/5 RED SPOTTY LID GLASS BOWLS,4,2010-09-06 11:57:00,2.95,16255.0,United Kingdom,online_retail_II,False,11.8
528158,22845,VINTAGE CREAM CAT FOOD CONTAINER,1,2010-10-20 17:33:00,6.35,14031.0,United Kingdom,online_retail_II,False,6.35
536161,21867,PINK UNION JACK  LUGGAGE TAG,1,2010-11-30 12:05:00,1.25,18118.0,United Kingdom,online_retail_II,False,1.25
498499,DOT,DOTCOM POSTAGE,1,2010-02-19 11:08:00,33.66,,United Kingdom,online_retail_II,False,33.66
552045,22965,3 TRADITIONAl BISCUIT CUTTERS  SET,6,2011-05-06 09:22:00,2.1,18241.0,United Kingdom,online_retail_I,False,12.600000000000001
508823,21794,CLASSIC FRENCH STYLE BASKET NATURAL,12,2010-05-18 13:26:00,6.75,13650.0,United Kingdom,online_retail_II,False,81.0
528694,21114,LAVENDER SCENTED FABRIC HEART,5,2010-10-24 13:01:00,1.25,15059.0,United Kingdom,online_retail_II,False,6.25
522068,21559,STRAWBERRY LUNCH BOX WITH CUTLERY,1,2010-09-10 17:19:00,2.55,16549.0,United Kingdom,online_retail_II,False,2.55
578153,82616B,FRAPPUCINO SCARF KNITTING KIT,1,2011-11-23 11:22:00,1.25,12748.0,United Kingdom,online_retail_I,False,1.25
552039,47566,PARTY BUNTING,24,2011-05-06 08:10:00,4.95,13081.0,United Kingdom,online_retail_I,False,118.80000000000001
490871,85152,HAND OVER THE CHOCOLATE   SIGN ,3,2009-12-08 12:54:00,2.1,15456.0,United Kingdom,online_retail_II,False,6.300000000000001
569672,23133,LARGE IVORY HEART WALL ORGANISER,1,2011-10-05 13:58:00,8.25,17841.0,United Kingdom,online_retail_I,False,8.25
574342,21775,DECORATIVE FLORE BATHROOM BOTTLE,12,2011-11-04 10:10:00,1.25,13447.0,United Kingdom,online_retail_I,False,15.0
541592,22803,IVORY EMBROIDERED QUILT ,2,2011-01-19 15:08:00,33.29,,United Kingdom,online_retail_I,False,66.58
545216,22241,GARLAND WOODEN HAPPY EASTER,1,2011-02-28 16:50:00,2.46,,United Kingdom,online_retail_I,False,2.46
520570,85130D,BEADED CRYSTAL HEART PINK LARGE,4,2010-08-26 20:07:00,1.65,16549.0,United Kingdom,online_retail_II,False,6.6
524270,21313,GLASS HEART T-LIGHT HOLDER ,12,2010-09-28 11:50:00,0.85,16269.0,United Kingdom,online_retail_II,False,10.2
558372,23237,SET OF 4 KNICK KNACK TINS LEAVES ,2,2011-06-28 15:47:00,4.15,16200.0,United Kingdom,online_retail_I,False,8.3
568245,23393,HOME SWEET HOME CUSHION COVER ,4,2011-09-26 12:23:00,3.75,13867.0,United Kingdom,online_retail_I,False,15.0
530437,21983,PACK OF 12 BLUE PAISLEY TISSUES ,1,2010-11-03 11:13:00,0.29,15915.0,United Kingdom,online_retail_II,False,0.29
516263,15044B,BLUE PAPER PARASOL ,1,2010-07-19 11:59:00,2.95,17841.0,United Kingdom,online_retail_II,False,2.95
578225,23571,TRADITIONAL NAUGHTS & CROSSES,12,2011-11-23 11:51:00,1.65,17700.0,United Kingdom,online_retail_I,False,19.799999999999997
511779,21155,RED SPOTTY PEG BAG,2,2010-06-10 12:39:00,2.1,17068.0,United Kingdom,online_retail_II,False,4.2
568174,23319,BOX OF 6 MINI 50'S CRACKERS,2,2011-09-25 13:23:00,2.49,16261.0,United Kingdom,online_retail_I,False,4.98
512045,82483,WOOD 2 DRAWER CABINET WHITE FINISH,16,2010-06-11 17:06:00,4.95,15856.0,United Kingdom,online_retail_II,False,79.2
563193,23181,BULL DOG BOTTLE TOP WALL CLOCK,1,2011-08-12 16:30:00,16.63,,United Kingdom,online_retail_I,False,16.63
549120,22524,CHILDRENS GARDEN GLOVES BLUE,2,2011-04-06 13:28:00,1.25,14587.0,United Kingdom,online_retail_I,False,2.5
570467,23309,SET OF 60 I LOVE LONDON CAKE CASES ,24,2011-10-10 16:06:00,0.55,12607.0,USA,online_retail_I,False,13.200000000000001
504622,21787,RAIN PONCHO WITH RED SPOTS,3,2010-04-15 11:49:00,0.85,14569.0,United Kingdom,online_retail_II,False,2.55
518673,22402,MAGNETS PACK OF 4 VINTAGE COLLAGE,108,2010-08-10 16:10:00,1.06,14646.0,Netherlands,online_retail_II,False,114.48
574477,22457,NATURAL SLATE HEART CHALKBOARD ,2,2011-11-04 12:21:00,2.95,15453.0,United Kingdom,online_retail_I,False,5.9
527428,21452,TOADSTOOL MONEY BOX,2,2010-10-17 16:17:00,2.95,16283.0,United Kingdom,online_retail_II,False,5.9
533136,22561,WOODEN SCHOOL COLOURING SET,24,2010-11-16 12:52:00,1.65,17203.0,United Kingdom,online_retail_II,False,39.599999999999994
527520,22383,LUNCH BAG SUKI  DESIGN ,1,2010-10-18 13:18:00,4.21,,United Kingdom,online_retail_II,False,4.21
540561,85059,FRENCH ENAMEL WATER BASIN,16,2011-01-10 10:32:00,1.25,13004.0,United Kingdom,online_retail_I,False,20.0
580677,22581,WOOD STOCKING CHRISTMAS SCANDISPOT,3,2011-12-05 14:40:00,0.29,16200.0,United Kingdom,online_retail_I,False,0.8699999999999999
541870,21627,ELEPHANT CARNIVAL POUFFE,1,2011-01-24 09:39:00,29.17,,United Kingdom,online_retail_I,False,29.17
525102,22727,ALARM CLOCK BAKELIKE RED ,4,2010-10-04 10:03:00,3.75,16652.0,United Kingdom,online_retail_II,False,15.0
515183,85202,HANGING WOOD AND FELT HEART,2,2010-07-08 20:00:00,0.42,16549.0,United Kingdom,online_retail_II,False,0.84
545464,21731,RED TOADSTOOL LED NIGHT LIGHT,3,2011-03-03 09:10:00,3.29,,United Kingdom,online_retail_I,False,9.870000000000001
520409,21871,SAVE THE PLANET MUG,4,2010-08-26 09:32:00,3.36,,United Kingdom,online_retail_II,False,13.44
512177,22413,METAL SIGN TAKE IT OR LEAVE IT ,6,2010-06-14 12:01:00,2.95,15150.0,United Kingdom,online_retail_II,False,17.700000000000003
513540,21700,BIG DOUGHNUT FRIDGE MAGNETS,48,2010-06-25 11:39:00,0.85,15629.0,United Kingdom,online_retail_II,False,40.8
541596,22951,60 CAKE CASES DOLLY GIRL DESIGN,3,2011-01-19 16:19:00,0.55,17602.0,United Kingdom,online_retail_I,False,1.6500000000000001
540995,84313C,ORANGE TV TRAY TABLE ,1,2011-01-13 09:30:00,5.79,,United Kingdom,online_retail_I,False,5.79
544824,22679,FRENCH BLUE METAL DOOR SIGN 4,10,2011-02-24 09:32:00,1.25,17139.0,United Kingdom,online_retail_I,False,12.5
572283,23263,SET OF 3 WOODEN HEART DECORATIONS,2,2011-10-23 11:42:00,1.25,15000.0,United Kingdom,online_retail_I,False,2.5
520738,21703,BAG 125g SWIRLY MARBLES,12,2010-08-31 09:36:00,0.42,14837.0,United Kingdom,online_retail_II,False,5.04
533065,22899,CHILDREN'S APRON DOLLY GIRL ,1,2010-11-15 17:04:00,4.21,,United Kingdom,online_retail_II,False,4.21
577034,23283,DOORMAT VINTAGE LEAF,1,2011-11-17 13:16:00,8.25,12847.0,United Kingdom,online_retail_I,False,8.25
493079,85199S,SMALL HANGING IVORY/RED WOOD BIRD,5,2009-12-22 09:52:00,0.83,,United Kingdom,online_retail_II,False,4.1499999999999995
530610,22114,HOT WATER BOTTLE TEA AND SYMPATHY,4,2010-11-03 15:38:00,3.95,14156.0,EIRE,online_retail_II,False,15.8
562043,22969,HOMEMADE JAM SCENTED CANDLES,12,2011-08-02 10:19:00,1.45,15342.0,United Kingdom,online_retail_I,False,17.4
508218,20862,,81,2010-05-13 15:03:00,0.0,,United Kingdom,online_retail_II,False,0.0
579472,23328,SET 6 SCHOOL MILK BOTTLES IN CRATE,2,2011-11-29 15:09:00,3.75,13521.0,United Kingdom,online_retail_I,False,7.5
535957,22851,SET 20 NAPKINS FAIRY CAKES DESIGN ,12,2010-11-29 12:26:00,0.85,13510.0,United Kingdom,online_retail_II,False,10.2
561258,22026,BANQUET BIRTHDAY  CARD  ,12,2011-07-26 12:03:00,0.42,15513.0,United Kingdom,online_retail_I,False,5.04
524118,21877,HOME SWEET HOME MUG,12,2010-09-27 13:58:00,1.25,15123.0,United Kingdom,online_retail_II,False,15.0
560271,22621,TRADITIONAL KNITTING NANCY,1,2011-07-17 14:51:00,1.65,16474.0,United Kingdom,online_retail_I,False,1.65
580669,23313,VINTAGE CHRISTMAS BUNTING,15,2011-12-05 14:25:00,4.95,15159.0,United Kingdom,online_retail_I,False,74.25
546466,22634,CHILDS BREAKFAST SET SPACEBOY ,1,2011-03-14 11:04:00,9.95,18118.0,United Kingdom,online_retail_I,False,9.95
512709,47556B,TEA TIME TEA TOWELS ,2,2010-06-17 12:21:00,2.95,16115.0,United Kingdom,online_retail_II,False,5.9
560888,22728,ALARM CLOCK BAKELIKE PINK,4,2011-07-21 16:33:00,3.75,15380.0,United Kingdom,online_retail_I,False,15.0
501530,22417,PACK OF 60 SPACEBOY CAKE CASES,24,2010-03-17 12:47:00,0.55,13089.0,United Kingdom,online_retail_II,False,13.200000000000001
555275,20963,APPLE BATH SPONGE,1,2011-06-01 17:18:00,2.46,,United Kingdom,online_retail_I,False,2.46
562011,22666,RECIPE BOX PANTRY YELLOW DESIGN,24,2011-08-01 13:54:00,2.55,16745.0,United Kingdom,online_retail_I,False,61.199999999999996
507235,21844,RED RETROSPOT MUG,12,2010-05-07 09:04:00,2.55,14298.0,United Kingdom,online_retail_II,False,30.599999999999998
532595,22158,3 HEARTS HANGING DECORATION RUSTIC,8,2010-11-12 14:51:00,2.95,14690.0,United Kingdom,online_retail_II,False,23.6
548801,22499,WOODEN UNION JACK BUNTING,3,2011-04-04 12:44:00,5.95,15289.0,United Kingdom,online_retail_I,False,17.85
539322,22645,CERAMIC HEART FAIRY CAKE MONEY BANK,4,2010-12-16 19:22:00,1.45,14713.0,United Kingdom,online_retail_I,False,5.8
581219,22153,ANGEL DECORATION STARS ON DRESS,2,2011-12-08 09:28:00,0.83,,United Kingdom,online_retail_I,False,1.66
555565,20914,SET/5 RED RETROSPOT LID GLASS BOWLS,6,2011-06-05 15:06:00,2.95,15298.0,United Kingdom,online_retail_I,False,17.700000000000003
505358,22195,LARGE HEART MEASURING SPOONS,2,2010-04-21 15:24:00,1.65,14605.0,United Kingdom,online_retail_II,False,3.3
536003,84992,72 SWEETHEART FAIRY CAKE CASES,1,2010-11-29 14:36:00,0.55,16049.0,United Kingdom,online_retail_II,False,0.55
501307,84247G,"DECOUPAGE,GREETING CARD,",2,2010-03-15 17:32:00,0.85,,United Kingdom,online_retail_II,False,1.7
573581,23196,VINTAGE LEAF MAGNETIC NOTEPAD,12,2011-10-31 14:22:00,1.45,14911.0,EIRE,online_retail_I,False,17.4
524141,84978,HANGING HEART JAR T-LIGHT HOLDER,6,2010-09-27 15:00:00,1.25,16264.0,United Kingdom,online_retail_II,False,7.5
503721,21832,CHOCOLATE CALCULATOR,1,2010-04-06 15:37:00,3.36,,United Kingdom,online_retail_II,False,3.36
560049,22927,GREEN GIANT GARDEN THERMOMETER,2,2011-07-14 15:03:00,5.95,14857.0,United Kingdom,online_retail_I,False,11.9
507641,21676,FLOWERS  STICKERS,6,2010-05-10 15:08:00,0.85,14588.0,United Kingdom,online_retail_II,False,5.1
540821,21650,ASSORTED TUTTI FRUTTI BRACELET,5,2011-01-11 13:16:00,0.43,,United Kingdom,online_retail_I,False,2.15
509158,21245,GREEN  SPOTTY PLATE ,4,2010-05-20 13:28:00,1.69,14850.0,United Kingdom,online_retail_II,False,6.76
571913,21915,RED  HARMONICA IN BOX ,12,2011-10-19 15:29:00,1.25,18210.0,United Kingdom,online_retail_I,False,15.0
543182,DOT,DOTCOM POSTAGE,1,2011-02-04 10:40:00,208.12,,United Kingdom,online_retail_I,False,208.12
574304,22961,JAM MAKING SET PRINTED,2,2011-11-03 16:30:00,1.45,14428.0,United Kingdom,online_retail_I,False,2.9
565234,21216,"SET 3 RETROSPOT TEA,COFFEE,SUGAR",2,2011-09-02 09:38:00,10.79,,United Kingdom,online_retail_I,False,21.58
570465,21873,IF YOU CAN'T STAND THE HEAT MUG,1,2011-10-10 16:02:00,3.29,,United Kingdom,online_retail_I,False,3.29
531818,21868,POTTING SHED TEA MUG,1,2010-11-09 17:05:00,1.25,13069.0,United Kingdom,online_retail_II,False,1.25
560209,21841,BABY MOUSE RED GINGHAM DRESS,2,2011-07-15 14:05:00,4.25,15004.0,United Kingdom,online_retail_I,False,8.5
C562794,22456,NATURAL SLATE CHALKBOARD LARGE ,-1,2011-08-09 14:20:00,4.95,14112.0,United Kingdom,online_retail_I,True,-4.95
494233,21463,MIRRORED DISCO BALL ,2,2010-01-12 14:33:00,5.95,15093.0,United Kingdom,online_retail_II,False,11.9
515742,22525,CHILDRENS GARDEN GLOVES PINK,10,2010-07-14 13:01:00,1.25,15332.0,Lithuania,online_retail_II,False,12.5
551812,22970,LONDON BUS COFFEE MUG,6,2011-05-04 11:39:00,2.55,15527.0,United Kingdom,online_retail_I,False,15.299999999999999
548920,22704,WRAP RED APPLES ,25,2011-04-05 10:19:00,0.42,13018.0,United Kingdom,online_retail_I,False,10.5
520538,21431,GREEN GINGHAM FLOWER JEWELLERY BOX,8,2010-08-26 15:54:00,1.65,17730.0,United Kingdom,online_retail_II,False,13.2
530350,22739,RIBBON REEL CHRISTMAS SOCK BAUBLE,2,2010-11-02 15:48:00,1.65,14506.0,United Kingdom,online_retail_II,False,3.3
569527,22204,MILK PAN BLUE POLKADOT,1,2011-10-04 14:53:00,3.75,12512.0,Israel,online_retail_I,False,3.75
563928,90206C,CRYSTAL DIAMANTE STAR BROOCH,3,2011-08-21 15:17:00,4.95,17059.0,United Kingdom,online_retail_I,False,14.850000000000001
572658,84279P,CHERRY BLOSSOM  DECORATIVE FLASK,4,2011-10-25 12:29:00,3.75,17690.0,United Kingdom,online_retail_I,False,15.0
545855,21078,SET/20 STRAWBERRY PAPER NAPKINS ,12,2011-03-07 13:52:00,0.85,15290.0,United Kingdom,online_retail_I,False,10.2
545308,84792,ENCHANTED BIRD COATHANGER 5 HOOK,1,2011-03-01 13:19:00,4.65,14656.0,United Kingdom,online_retail_I,False,4.65
577142,23311,VINTAGE CHRISTMAS STOCKING ,6,2011-11-18 09:19:00,2.55,13985.0,United Kingdom,online_retail_I,False,15.299999999999999
504508,84836,ZINC METAL HEART DECORATION,12,2010-04-14 11:20:00,1.25,15265.0,United Kingdom,online_retail_II,False,15.0
513200,21774,DECORATIVE CATS BATHROOM BOTTLE,1,2010-06-22 16:28:00,2.51,,United Kingdom,online_retail_II,False,2.51
541489,22645,CERAMIC HEART FAIRY CAKE MONEY BANK,4,2011-01-18 13:38:00,1.45,15023.0,United Kingdom,online_retail_I,False,5.8
575956,21814,HEART T-LIGHT HOLDER ,12,2011-11-13 12:17:00,1.45,14487.0,United Kingdom,online_retail_I,False,17.4
557502,22666,RECIPE BOX PANTRY YELLOW DESIGN,2,2011-06-20 15:32:00,5.79,,United Kingdom,online_retail_I,False,11.58
524348,84988,SET OF 72 PINK HEART PAPER DOILIES,24,2010-09-28 16:18:00,1.45,18215.0,United Kingdom,online_retail_II,False,34.8
553046,20726,LUNCH BAG WOODLAND,10,2011-05-13 09:37:00,1.65,13534.0,United Kingdom,online_retail_I,False,16.5
507006,21916,SET 12 RETRO WHITE CHALK STICKS,1,2010-05-05 14:22:00,0.42,15097.0,United Kingdom,online_retail_II,False,0.42
512589,22558,CLOTHES PEGS RETROSPOT PACK 24 ,4,2010-06-16 16:04:00,2.51,,United Kingdom,online_retail_II,False,10.04
501549,22480,RED TEA TOWEL CLASSIC DESIGN,3,2010-03-17 15:25:00,1.25,,United Kingdom,online_retail_II,False,3.75
580876,22314,OFFICE MUG WARMER CHOC+BLUE,1,2011-12-06 12:12:00,1.25,14071.0,United Kingdom,online_retail_I,False,1.25
543467,22767,TRIPLE PHOTO FRAME CORNICE ,1,2011-02-08 14:35:00,19.96,,United Kingdom,online_retail_I,False,19.96
562849,22730,ALARM CLOCK BAKELIKE IVORY,4,2011-08-10 09:52:00,3.75,16700.0,United Kingdom,online_retail_I,False,15.0
559545,22669,RED BABY BUNTING ,5,2011-07-10 14:42:00,2.95,15467.0,United Kingdom,online_retail_I,False,14.75
534169,20713,JUMBO BAG OWLS,10,2010-11-21 13:26:00,1.95,12724.0,France,online_retail_II,False,19.5
535961,22755,SMALL PURPLE BABUSHKA NOTEBOOK ,12,2010-11-29 12:36:00,0.85,18034.0,United Kingdom,online_retail_II,False,10.2
544824,22698,PINK REGENCY TEACUP AND SAUCER,6,2011-02-24 09:32:00,2.95,17139.0,United Kingdom,online_retail_I,False,17.700000000000003
524286,85150,LADIES & GENTLEMEN METAL SIGN,2,2010-09-28 12:35:00,2.55,16919.0,United Kingdom,online_retail_II,False,5.1
579187,21559,STRAWBERRY LUNCH BOX WITH CUTLERY,1,2011-11-28 15:31:00,4.96,,United Kingdom,online_retail_I,False,4.96
526845,22095,LADS ONLY TISSUE BOX,72,2010-10-13 12:18:00,0.42,17511.0,United Kingdom,online_retail_II,False,30.24
567328,23067,HANGING ENGRAVED METAL HEART,2,2011-09-19 14:43:00,4.15,14356.0,United Kingdom,online_retail_I,False,8.3
497590,21563,RED HEART SHAPE LOVE BUCKET ,1,2010-02-10 17:59:00,5.91,,United Kingdom,online_retail_II,False,5.91
568668,23201,JUMBO BAG ALPHABET,4,2011-09-28 13:00:00,2.08,15750.0,United Kingdom,online_retail_I,False,8.32
566446,22452,MEASURING TAPE BABUSHKA PINK,1,2011-09-12 15:40:00,1.63,,United Kingdom,online_retail_I,False,1.63
561216,POST,POSTAGE,8,2011-07-25 17:04:00,15.0,14606.0,United Kingdom,online_retail_I,False,120.0
494811,22233,JIGSAW RABBIT AND BIRDHOUSE,1,2010-01-18 16:47:00,1.65,14343.0,United Kingdom,online_retail_II,False,1.65
494387,20767,BLUE PAISLEY JOURNAL ,2,2010-01-14 09:46:00,2.51,,United Kingdom,online_retail_II,False,5.02
511097,22645,CERAMIC HEART FAIRY CAKE MONEY BANK,4,2010-06-06 15:53:00,1.45,16255.0,United Kingdom,online_retail_II,False,5.8
572732,22712,CARD DOLLY GIRL ,12,2011-10-25 15:21:00,0.42,18079.0,United Kingdom,online_retail_I,False,5.04
524585,82582,,2,2010-09-29 16:21:00,0.0,,United Kingdom,online_retail_II,False,0.0
568908,21668,RED STRIPE CERAMIC DRAWER KNOB,12,2011-09-29 13:38:00,1.45,16653.0,United Kingdom,online_retail_I,False,17.4
541948,21586,KINGS CHOICE GIANT TUBE MATCHES,3,2011-01-24 12:00:00,2.55,15820.0,United Kingdom,online_retail_I,False,7.6499999999999995
509028,21251,DINOSAUR HEIGHT CHART STICKER SET,6,2010-05-19 15:23:00,2.95,16717.0,United Kingdom,online_retail_II,False,17.700000000000003
566721,21888,BINGO SET,4,2011-09-14 12:50:00,3.75,12921.0,United Kingdom,online_retail_I,False,15.0
528620,22114,HOT WATER BOTTLE TEA AND SYMPATHY,2,2010-10-24 10:33:00,3.95,17243.0,United Kingdom,online_retail_II,False,7.9
564313,48194,DOORMAT HEARTS,2,2011-08-24 12:54:00,7.95,13728.0,United Kingdom,online_retail_I,False,15.9
546136,35914,PINK CHICK EGG WARMER + EGG CUP,2,2011-03-09 16:32:00,0.83,,United Kingdom,online_retail_I,False,1.66
490292,21004,ROSE DU SUD CHILDS APRON,3,2009-12-04 13:23:00,4.25,16723.0,United Kingdom,online_retail_II,False,12.75
545399,22741,FUNKY DIVA PEN,48,2011-03-02 11:48:00,0.85,14934.0,Channel Islands,online_retail_I,False,40.8
506959,47597,NEW ENGLAND TEATOWELS,3,2010-05-05 12:05:00,1.66,,United Kingdom,online_retail_II,False,4.9799999999999995
536597,22384,LUNCH BAG PINK POLKADOT,1,2010-12-01 17:35:00,1.65,18011.0,United Kingdom,online_retail_I,False,1.65
568576,23120,PACK OF 6 SMALL FRUIT STRAWS,24,2011-09-28 09:40:00,0.42,17017.0,United Kingdom,online_retail_I,False,10.08
512539,21975,PACK OF 60 DINOSAUR CAKE CASES,1,2010-06-16 12:48:00,0.55,13567.0,United Kingdom,online_retail_II,False,0.55
580727,23088,ZINC HEART FLOWER T-LIGHT HOLDER,2,2011-12-05 17:17:00,2.46,14096.0,United Kingdom,online_retail_I,False,4.92
526910,85047,WHITE BEADED GARLAND STRING 20LIGHT,2,2010-10-13 15:37:00,6.35,15351.0,United Kingdom,online_retail_II,False,12.7
527043,21975,PACK OF 60 DINOSAUR CAKE CASES,2,2010-10-14 12:32:00,0.55,18090.0,United Kingdom,online_retail_II,False,1.1
561705,23206,LUNCH BAG APPLE DESIGN,30,2011-07-29 11:23:00,1.65,14735.0,United Kingdom,online_retail_I,False,49.5
577597,22707,WRAP MONSTER FUN ,25,2011-11-21 08:19:00,0.42,16366.0,United Kingdom,online_retail_I,False,10.5
563614,22699,ROSES REGENCY TEACUP AND SAUCER ,48,2011-08-18 08:51:00,2.55,12415.0,Australia,online_retail_I,False,122.39999999999999
516773,21564,PINK  HEART SHAPE LOVE BUCKET ,3,2010-07-22 18:54:00,2.95,17092.0,United Kingdom,online_retail_II,False,8.850000000000001
510772,82578,KITCHEN METAL SIGN,1,2010-06-03 14:02:00,1.28,,United Kingdom,online_retail_II,False,1.28
548213,22466,FAIRY TALE COTTAGE NIGHTLIGHT,12,2011-03-30 09:15:00,1.95,15521.0,United Kingdom,online_retail_I,False,23.4
534389,22161,HEART DECORATION RUSTIC HANGING ,10,2010-11-22 13:02:00,0.81,,United Kingdom,online_retail_II,False,8.100000000000001
563555,23300,GARDENERS KNEELING PAD CUP OF TEA ,1,2011-08-17 13:21:00,1.65,16755.0,United Kingdom,online_retail_I,False,1.65
572853,23146,TRIPLE HOOK ANTIQUE IVORY ROSE,4,2011-10-26 12:28:00,3.29,17712.0,United Kingdom,online_retail_I,False,13.16
576329,23238,SET OF 4 KNICK KNACK TINS LONDON ,3,2011-11-14 15:22:00,8.29,,United Kingdom,online_retail_I,False,24.869999999999997
559036,23206,LUNCH BAG APPLE DESIGN,10,2011-07-05 15:14:00,1.65,12637.0,France,online_retail_I,False,16.5
574839,84708B,PINK JEWELLED PHOTO FRAME ,1,2011-11-07 11:40:00,4.95,15493.0,United Kingdom,online_retail_I,False,4.95
579456,22467,GUMBALL COAT RACK,2,2011-11-29 14:20:00,2.55,13428.0,United Kingdom,online_retail_I,False,5.1
565928,22028,PENNY FARTHING BIRTHDAY CARD,12,2011-09-08 10:09:00,0.42,,EIRE,online_retail_I,False,5.04
507697,21987,PACK OF 6 SKULL PAPER CUPS,12,2010-05-11 10:42:00,0.65,12599.0,France,online_retail_II,False,7.800000000000001
543391,82486,WOOD S/3 CABINET ANT WHITE FINISH,2,2011-02-08 10:12:00,8.95,14475.0,United Kingdom,online_retail_I,False,17.9
509972,21240,BLUE  SPOTTY CUP,2,2010-05-26 13:34:00,1.66,,United Kingdom,online_retail_II,False,3.32
514465,22469,HEART OF WICKER SMALL,40,2010-07-02 12:49:00,1.45,13113.0,United Kingdom,online_retail_II,False,58.0
515013,15058C,ICE CREAM DESIGN GARDEN PARASOL,1,2010-07-07 16:29:00,25.49,,United Kingdom,online_retail_II,False,25.49
525764,85216,ASSORTED CAKES FRIDGE MAGNETS,12,2010-10-07 10:39:00,0.65,12511.0,Greece,online_retail_II,False,7.800000000000001
545317,20711,JUMBO BAG TOYS ,2,2011-03-01 14:14:00,4.13,,United Kingdom,online_retail_I,False,8.26
525966,21704,BAG 250g SWIRLY MARBLES,12,2010-10-08 09:58:00,0.85,16499.0,United Kingdom,online_retail_II,False,10.2
546383,21063,PARTY INVITES JAZZ HEARTS,12,2011-03-11 12:54:00,0.85,13654.0,United Kingdom,online_retail_I,False,10.2
520076,85049C,ROMANTIC PINKS RIBBONS ,12,2010-08-24 09:44:00,1.25,12472.0,Germany,online_retail_II,False,15.0
540239,15056N,EDWARDIAN PARASOL NATURAL,3,2011-01-05 14:48:00,5.95,12682.0,France,online_retail_I,False,17.85
523664,22566,FELTCRAFT HAIRBAND PINK AND PURPLE,1,2010-09-23 14:15:00,0.85,15005.0,United Kingdom,online_retail_II,False,0.85
531210,84535B,FAIRY CAKES NOTEBOOK A6 SIZE,2,2010-11-05 16:07:00,0.65,13263.0,United Kingdom,online_retail_II,False,1.3
508758,21620,S/4 ROSE    BOTANICAL  CANDLE,1,2010-05-18 12:00:00,3.75,16884.0,United Kingdom,online_retail_II,False,3.75
542102,22203,MILK PAN RED RETROSPOT,4,2011-01-25 13:26:00,3.75,12744.0,Singapore,online_retail_I,False,15.0
579196,21948,SET OF 6 CAKE CHOPSTICKS,4,2011-11-28 15:54:00,2.46,14096.0,United Kingdom,online_retail_I,False,9.84
545073,20749,ASSORTED COLOUR MINI CASES,2,2011-02-28 09:26:00,7.95,14036.0,United Kingdom,online_retail_I,False,15.9
544455,82599,FANNY'S REST STOPMETAL SIGN,3,2011-02-20 13:18:00,2.1,13097.0,United Kingdom,online_retail_I,False,6.300000000000001
553767,22361,GLASS JAR DAISY FRESH COTTON WOOL,1,2011-05-19 10:46:00,5.79,,United Kingdom,online_retail_I,False,5.79
549524,20902,VINTAGE KEEPSAKE BOX PARIS DAYS,1,2011-04-08 15:42:00,12.46,,United Kingdom,online_retail_I,False,12.46
563098,84991,60 TEATIME FAIRY CAKE CASES,24,2011-08-12 09:14:00,0.55,14911.0,EIRE,online_retail_I,False,13.200000000000001
512915,22204,MILK PAN BLUE RETROSPOT,4,2010-06-18 15:42:00,3.75,14840.0,United Kingdom,online_retail_II,False,15.0
525075,21623,VINTAGE UNION JACK MEMOBOARD,1,2010-10-03 15:24:00,9.95,16782.0,United Kingdom,online_retail_II,False,9.95
533740,21314,SMALL GLASS HEART TRINKET POT,3,2010-11-18 14:07:00,4.21,,United Kingdom,online_retail_II,False,12.629999999999999
535576,22367,CHILDRENS APRON SPACEBOY DESIGN,8,2010-11-26 15:37:00,1.95,12865.0,Austria,online_retail_II,False,15.6
580723,82581,TOILET METAL SIGN,25,2011-12-05 17:09:00,0.55,15856.0,United Kingdom,online_retail_I,False,13.750000000000002
532818,22209,WOOD STAMP SET HAPPY BIRTHDAY,1,2010-11-14 16:18:00,1.65,12748.0,United Kingdom,online_retail_II,False,1.65
532554,16015,MEDIUM CHINESE STYLE SCISSOR,5,2010-11-12 12:32:00,0.5,15983.0,United Kingdom,online_retail_II,False,2.5
545660,22853,CAT BOWL VINTAGE CREAM,1,2011-03-04 14:28:00,3.25,17191.0,United Kingdom,online_retail_I,False,3.25
569687,23206,LUNCH BAG APPLE DESIGN,10,2011-10-05 14:53:00,1.65,13709.0,United Kingdom,online_retail_I,False,16.5
571217,22867,HAND WARMER BIRD DESIGN,12,2011-10-14 13:24:00,2.1,17451.0,United Kingdom,online_retail_I,False,25.200000000000003
576075,20723,STRAWBERRY CHARLOTTE BAG,6,2011-11-13 16:16:00,0.85,15861.0,United Kingdom,online_retail_I,False,5.1
519252,21504,SKULLS GREETING CARD,12,2010-08-15 15:26:00,0.42,17841.0,United Kingdom,online_retail_II,False,5.04
574663,23399,HOME SWEET HOME HANGING HEART,12,2011-11-06 12:04:00,0.85,13527.0,United Kingdom,online_retail_I,False,10.2
580032,23209,LUNCH BAG VINTAGE DOILY ,5,2011-12-01 12:17:00,1.65,14659.0,United Kingdom,online_retail_I,False,8.25
557039,23028,DRAWER KNOB CRACKLE GLAZE BLUE,18,2011-06-16 13:57:00,1.65,16814.0,United Kingdom,online_retail_I,False,29.7
581020,23109,PACK OF SIX LED TEA LIGHTS,96,2011-12-07 10:12:00,2.49,17511.0,United Kingdom,online_retail_I,False,239.04000000000002
567206,20679,EDWARDIAN PARASOL RED,3,2011-09-19 10:51:00,5.95,13562.0,United Kingdom,online_retail_I,False,17.85
580729,23286,BLUE VINTAGE SPOT BEAKER,4,2011-12-05 17:24:00,1.63,,United Kingdom,online_retail_I,False,6.52
507177,35095B,RED VICTORIAN FABRIC OVAL BOX,1,2010-05-06 15:09:00,0.84,,United Kingdom,online_retail_II,False,0.84
519822,16236,KITTY PENCIL ERASERS,6,2010-08-20 14:14:00,0.21,18106.0,United Kingdom,online_retail_II,False,1.26
579187,23319,BOX OF 6 MINI 50'S CRACKERS,5,2011-11-28 15:31:00,4.96,,United Kingdom,online_retail_I,False,24.8
522091,79403,FROSTED WHITE BASE ,12,2010-09-12 12:47:00,0.85,14595.0,United Kingdom,online_retail_II,False,10.2
C519466,22198,LARGE POPCORN HOLDER ,-2,2010-08-17 11:46:00,1.65,12412.0,Denmark,online_retail_II,True,-3.3
570688,21288,STRIPEY CHOCOLATE NESTING BOXES,1,2011-10-11 16:29:00,3.29,,United Kingdom,online_retail_I,False,3.29
567625,23376,PACK OF 12 VINTAGE CHRISTMAS TISSUE,24,2011-09-21 12:55:00,0.39,13627.0,United Kingdom,online_retail_I,False,9.36
559538,22480,RED TEA TOWEL CLASSIC DESIGN,6,2011-07-10 12:25:00,1.25,16880.0,United Kingdom,online_retail_I,False,7.5
496322,21114,LAVENDER SCENTED FABRIC HEART,15,2010-01-31 12:43:00,1.25,14481.0,United Kingdom,online_retail_II,False,18.75
578663,22219,LOVEBIRD HANGING DECORATION WHITE ,12,2011-11-24 16:54:00,0.85,15428.0,United Kingdom,online_retail_I,False,10.2
555158,21975,PACK OF 60 DINOSAUR CAKE CASES,24,2011-06-01 08:38:00,0.55,14842.0,United Kingdom,online_retail_I,False,13.200000000000001
499405,22029,SPACEBOY BIRTHDAY CARD,12,2010-02-26 14:35:00,0.42,14739.0,United Kingdom,online_retail_II,False,5.04
562955,22194,BLACK DINER WALL CLOCK,2,2011-08-11 10:14:00,16.63,,United Kingdom,online_retail_I,False,33.26
568949,22653,BUTTON BOX ,4,2011-09-29 15:13:00,1.63,,United Kingdom,online_retail_I,False,6.52
534500,21832,CHOCOLATE CALCULATOR,1,2010-11-23 11:13:00,1.65,17290.0,United Kingdom,online_retail_II,False,1.65
566171,22273,FELTCRAFT DOLL MOLLY,1,2011-09-09 12:22:00,2.95,18118.0,United Kingdom,online_retail_I,False,2.95
527051,21349,IVY HEART WREATH,2,2010-10-14 13:00:00,6.75,13395.0,United Kingdom,online_retail_II,False,13.5
516464,22138,BAKING SET 9 PIECE RETROSPOT ,12,2010-07-20 14:27:00,4.95,14911.0,EIRE,online_retail_II,False,59.400000000000006
549991,21137,BLACK RECORD COVER FRAME,12,2011-04-14 08:13:00,3.75,18229.0,United Kingdom,online_retail_I,False,45.0
510246,20725,LUNCH BAG RED SPOTTY,20,2010-05-28 10:17:00,1.65,13599.0,United Kingdom,online_retail_II,False,33.0
491048,84997B,RED 3 PIECE MINI DOTS CUTLERY SET,6,2009-12-09 10:25:00,3.75,13768.0,United Kingdom,online_retail_II,False,22.5
557937,84992,72 SWEETHEART FAIRY CAKE CASES,1,2011-06-23 15:30:00,1.25,,United Kingdom,online_retail_I,False,1.25
542344,84992,72 SWEETHEART FAIRY CAKE CASES,1,2011-01-27 11:30:00,1.25,,United Kingdom,online_retail_I,False,1.25
564641,23144,ZINC T-LIGHT HOLDER STARS SMALL,48,2011-08-26 13:16:00,0.83,13489.0,United Kingdom,online_retail_I,False,39.839999999999996
561217,47578A,ENGLISH ROSE SMALL SCENTED FLOWER,1,2011-07-25 17:09:00,1.63,,United Kingdom,online_retail_I,False,1.63
491935,22121,NOEL WOODEN BLOCK LETTERS ,2,2009-12-14 15:38:00,5.95,16125.0,United Kingdom,online_retail_II,False,11.9
553356,23000,TRAVEL CARD WALLET TRANSPORT,24,2011-05-16 14:05:00,0.42,14038.0,United Kingdom,online_retail_I,False,10.08
572302,84077,WORLD WAR 2 GLIDERS ASSTD DESIGNS,48,2011-10-23 14:47:00,0.29,15427.0,United Kingdom,online_retail_I,False,13.919999999999998
505986,21231,SWEETHEART CERAMIC TRINKET BOX,12,2010-04-27 09:42:00,1.25,16186.0,United Kingdom,online_retail_II,False,15.0
579093,22624,IVORY KITCHEN SCALES,2,2011-11-28 10:54:00,8.5,13081.0,United Kingdom,online_retail_I,False,17.0
575340,23315,IVORY REFECTORY CLOCK,4,2011-11-09 14:31:00,9.95,15485.0,United Kingdom,online_retail_I,False,39.8
578033,22232,JIGSAW TOADSTOOLS 3 PIECE,16,2011-11-22 13:42:00,0.59,12656.0,France,online_retail_I,False,9.44
539337,21977,PACK OF 60 PINK PAISLEY CAKE CASES,24,2010-12-17 10:46:00,0.55,,EIRE,online_retail_I,False,13.200000000000001
575647,23247,BISCUIT TIN 50'S CHRISTMAS,6,2011-11-10 14:16:00,2.89,16440.0,United Kingdom,online_retail_I,False,17.34
540415,22862,LOVE HEART NAPKIN BOX ,4,2011-01-07 10:47:00,4.25,16889.0,United Kingdom,online_retail_I,False,17.0
529626,22751,FELTCRAFT PRINCESS OLIVIA DOLL,4,2010-10-29 12:06:00,3.75,15498.0,United Kingdom,online_retail_II,False,15.0
564715,21385,IVORY HANGING DECORATION  HEART,7,2011-08-28 11:01:00,0.85,14472.0,United Kingdom,online_retail_I,False,5.95
498300,22372,AIRLINE BAG VINTAGE WORLD CHAMPION ,2,2010-02-18 09:14:00,6.35,17157.0,United Kingdom,online_retail_II,False,12.7
493880,21667,GLASS CAKE COVER AND PLATE,2,2010-01-08 09:23:00,16.95,13047.0,United Kingdom,online_retail_II,False,33.9
526163,22058,CERAMIC LOVE HEARTS DESIGN MUG,1,2010-10-08 17:28:00,1.49,15579.0,United Kingdom,online_retail_II,False,1.49
529621,22730,ALARM CLOCK BAKELIKE IVORY,2,2010-10-29 11:39:00,3.75,15570.0,United Kingdom,online_retail_II,False,7.5
562354,84976,RECTANGULAR SHAPED MIRROR,12,2011-08-04 13:15:00,0.79,17470.0,United Kingdom,online_retail_I,False,9.48
490149,20685,RED SPOTTY COIR DOORMAT,1,2009-12-04 09:43:00,13.87,,United Kingdom,online_retail_II,False,13.87
571183,84596F,SMALL MARSHMALLOWS PINK BOWL,8,2011-10-14 11:08:00,0.42,14796.0,United Kingdom,online_retail_I,False,3.36
516477,21673,WHITE SPOT BLUE CERAMIC DRAWER KNOB,6,2010-07-20 16:33:00,1.25,14535.0,United Kingdom,online_retail_II,False,7.5
551134,22191,IVORY DINER WALL CLOCK,1,2011-04-26 13:02:00,8.5,16729.0,United Kingdom,online_retail_I,False,8.5
525429,79163,BLACK CHAMPAGNE GLASS,6,2010-10-05 13:11:00,1.65,15490.0,United Kingdom,online_retail_II,False,9.899999999999999
549014,21041,RED RETROSPOT OVEN GLOVE DOUBLE,1,2011-04-05 15:00:00,2.95,17841.0,United Kingdom,online_retail_I,False,2.95
552285,22169,FAMILY ALBUM WHITE PICTURE FRAME,1,2011-05-08 12:58:00,8.5,14684.0,United Kingdom,online_retail_I,False,8.5
508486,82582,AREA PATROLLED METAL SIGN,6,2010-05-16 12:57:00,2.1,16456.0,United Kingdom,online_retail_II,False,12.600000000000001
578068,22866,HAND WARMER SCOTTY DOG DESIGN,6,2011-11-22 15:45:00,2.1,14505.0,United Kingdom,online_retail_I,False,12.600000000000001
499914,15056BL,EDWARDIAN PARASOL BLACK,6,2010-03-03 12:10:00,5.95,13097.0,United Kingdom,online_retail_II,False,35.7
506266,21212,PACK OF 72 RETRO SPOT CAKE CASES,24,2010-04-28 14:58:00,0.55,16648.0,United Kingdom,online_retail_II,False,13.200000000000001
532127,22065,CHRISTMAS PUDDING TRINKET POT ,4,2010-11-11 10:25:00,1.45,14796.0,United Kingdom,online_retail_II,False,5.8
555149,16207A,PINK STRAWBERRY HANDBAG ,1,2011-05-31 15:49:00,2.46,,United Kingdom,online_retail_I,False,2.46
570459,71477,COLOUR GLASS. STAR T-LIGHT HOLDER,4,2011-10-10 15:42:00,3.95,15801.0,United Kingdom,online_retail_I,False,15.8
490905,47591D,PINK FAIRY CAKE CHILD'S APRON,8,2009-12-08 13:08:00,1.95,16940.0,United Kingdom,online_retail_II,False,15.6
530060,84970L,SINGLE HEART ZINC T-LIGHT HOLDER,2,2010-11-01 11:35:00,2.13,,United Kingdom,online_retail_II,False,4.26
517270,21731,RED TOADSTOOL LED NIGHT LIGHT,60,2010-07-28 09:28:00,1.65,12731.0,France,online_retail_II,False,99.0
539747,22752,SET 7 BABUSHKA NESTING BOXES,1,2010-12-21 15:23:00,16.98,,United Kingdom,online_retail_I,False,16.98
503331,22405,MONEY BOX POCKET MONEY DESIGN,12,2010-03-31 12:16:00,1.25,16212.0,United Kingdom,online_retail_II,False,15.0
492117,48194,DOORMAT HEARTS,2,2009-12-15 14:10:00,6.75,15808.0,United Kingdom,online_retail_II,False,13.5
515801,21470,FLOWER VINE RAFFIA FOOD COVER,1,2010-07-14 16:20:00,3.75,17965.0,United Kingdom,online_retail_II,False,3.75
532976,21484,CHICK GREY HOT WATER BOTTLE,2,2010-11-15 13:24:00,3.45,16919.0,United Kingdom,online_retail_II,False,6.9
524610,22467,GUMBALL COAT RACK,36,2010-09-30 09:28:00,2.1,12472.0,Germany,online_retail_II,False,75.60000000000001
517981,22094,RED POLKA DOT TISSUE BOX,1,2010-08-03 14:52:00,2.51,,United Kingdom,online_retail_II,False,2.51
580684,23263,SET OF 3 WOODEN HEART DECORATIONS,12,2011-12-05 15:15:00,1.25,13305.0,United Kingdom,online_retail_I,False,15.0
566442,23176,ABC TREASURE BOOK BOX ,8,2011-09-12 15:29:00,2.25,14732.0,United Kingdom,online_retail_I,False,18.0
530088,84997B,RED 3 PIECE RETROSPOT CUTLERY SET,2,2010-11-01 13:39:00,3.75,15311.0,United Kingdom,online_retail_II,False,7.5
498096,84997D,PINK 3 PIECE MINI DOTS CUTLERY SET,6,2010-02-16 12:59:00,3.75,12836.0,United Kingdom,online_retail_II,False,22.5
502534,35085E,IVORY ROSE LAMPSHADE ,2,2010-03-25 11:32:00,1.25,15547.0,United Kingdom,online_retail_II,False,2.5
543809,22925,BLUE GIANT GARDEN THERMOMETER,2,2011-02-13 13:52:00,5.95,17095.0,United Kingdom,online_retail_I,False,11.9
504554,20996,JAZZ HEARTS ADDRESS BOOK,5,2010-04-14 13:35:00,0.42,16442.0,United Kingdom,online_retail_II,False,2.1
518519,22081,RIBBON REEL FLORA + FAUNA ,5,2010-08-09 15:33:00,1.65,17482.0,United Kingdom,online_retail_II,False,8.25
517626,22536,MAGIC DRAWING SLATE PURDEY,1,2010-07-30 12:10:00,0.42,16428.0,United Kingdom,online_retail_II,False,0.42
560937,84508A,CAMOUFLAGE DESIGN TEDDY,2,2011-07-22 10:52:00,2.55,17920.0,United Kingdom,online_retail_I,False,5.1
539958,85161,ACRYLIC GEOMETRIC LAMP,3,2010-12-23 13:26:00,12.72,,United Kingdom,online_retail_I,False,38.160000000000004
499274,22380,TOY TIDY SPACEBOY  ,5,2010-02-25 16:58:00,2.1,14898.0,United Kingdom,online_retail_II,False,10.5
575828,48185,DOORMAT FAIRY CAKE,2,2011-11-11 11:34:00,8.25,17162.0,United Kingdom,online_retail_I,False,16.5
545602,22456,NATURAL SLATE CHALKBOARD LARGE ,1,2011-03-04 11:49:00,4.95,17315.0,United Kingdom,online_retail_I,False,4.95
578149,23254,CHILDRENS CUTLERY DOLLY GIRL ,1,2011-11-23 11:11:00,8.29,,United Kingdom,online_retail_I,False,8.29
572045,22114,HOT WATER BOTTLE TEA AND SYMPATHY,2,2011-10-20 12:11:00,4.25,14527.0,United Kingdom,online_retail_I,False,8.5
576860,22970,LONDON BUS COFFEE MUG,6,2011-11-16 15:58:00,2.55,17602.0,United Kingdom,online_retail_I,False,15.299999999999999
522098,22139,RETRO SPOT TEA SET CERAMIC 11 PC ,6,2010-09-12 13:51:00,4.95,16320.0,Unspecified,online_retail_II,False,29.700000000000003
571296,22037,ROBOT BIRTHDAY CARD,24,2011-10-16 16:13:00,0.42,13760.0,United Kingdom,online_retail_I,False,10.08
509660,22469,HEART OF WICKER SMALL,12,2010-05-25 12:01:00,1.65,16175.0,United Kingdom,online_retail_II,False,19.799999999999997
541241,21389,IVORY HANGING DECORATION  BIRD,4,2011-01-16 11:08:00,0.85,13782.0,United Kingdom,online_retail_I,False,3.4
526738,21931,JUMBO STORAGE BAG SUKI,1,2010-10-12 18:02:00,4.21,,United Kingdom,online_retail_II,False,4.21
527093,22077,6 RIBBONS RUSTIC CHARM,2,2010-10-14 16:14:00,1.65,17823.0,United Kingdom,online_retail_II,False,3.3
578065,72760B,VINTAGE CREAM 3 BASKET CAKE STAND,1,2011-11-22 15:41:00,20.79,,United Kingdom,online_retail_I,False,20.79
568191,22959,WRAP CHRISTMAS VILLAGE,25,2011-09-25 14:37:00,0.42,16655.0,United Kingdom,online_retail_I,False,10.5
510091,84406B,CREAM CUPID HEARTS COAT HANGER,8,2010-05-27 11:28:00,3.25,13874.0,United Kingdom,online_retail_II,False,26.0
567062,22625,RED KITCHEN SCALES,2,2011-09-16 11:48:00,8.5,16108.0,United Kingdom,online_retail_I,False,17.0
578858,22023,EMPIRE BIRTHDAY CARD,12,2011-11-27 11:22:00,0.42,18145.0,United Kingdom,online_retail_I,False,5.04
563262,23089,GLASS BON BON JAR,1,2011-08-15 12:44:00,1.65,15311.0,United Kingdom,online_retail_I,False,1.65
495340,20679,EDWARDIAN PARASOL RED,12,2010-01-22 17:31:00,5.95,14031.0,United Kingdom,online_retail_II,False,71.4
569685,23340,VINTAGE CHRISTMAS CAKE FRILL,42,2011-10-05 14:47:00,1.65,16758.0,United Kingdom,online_retail_I,False,69.3
512312,15044B,BLUE PAPER PARASOL ,6,2010-06-15 08:15:00,2.95,14841.0,United Kingdom,online_retail_II,False,17.700000000000003
562680,23345, DOLLY GIRL BEAKER,1,2011-08-08 13:46:00,1.25,17954.0,United Kingdom,online_retail_I,False,1.25
530510,21808,"CHRISTMAS GARLAND STARS,TREES",6,2010-11-03 12:11:00,3.75,15281.0,United Kingdom,online_retail_II,False,22.5
514972,21868,POTTING SHED TEA MUG,12,2010-07-07 12:34:00,1.25,16873.0,United Kingdom,online_retail_II,False,15.0
534709,47593B,SCOTTIE DOGS BABY BIB,4,2010-11-23 16:53:00,0.85,,United Kingdom,online_retail_II,False,3.4
551658,20719,WOODLAND CHARLOTTE BAG,20,2011-05-03 12:13:00,0.85,16746.0,United Kingdom,online_retail_I,False,17.0
490127,22186,RED STAR CARD HOLDER,6,2009-12-03 18:13:00,2.95,14156.0,EIRE,online_retail_II,False,17.700000000000003
503170,21905,MORE BUTTER METAL SIGN ,1,2010-03-30 13:35:00,2.1,17217.0,United Kingdom,online_retail_II,False,2.1
570001,22816,CARD MOTORBIKE SANTA,12,2011-10-07 09:10:00,0.42,14427.0,United Kingdom,online_retail_I,False,5.04
535573,22926,IVORY GIANT GARDEN THERMOMETER,2,2010-11-26 15:36:00,5.95,16168.0,United Kingdom,online_retail_II,False,11.9
545978,22248,DECORATION  PINK CHICK MAGIC GARDEN,6,2011-03-08 12:19:00,0.85,13975.0,United Kingdom,online_retail_I,False,5.1
522093,85099B,JUMBO BAG RED RETROSPOT,1,2010-09-12 13:06:00,1.95,15406.0,United Kingdom,online_retail_II,False,1.95
570217,16254,TRANSPARENT ACRYLIC TAPE DISPENSER,12,2011-10-09 12:19:00,0.85,17323.0,United Kingdom,online_retail_I,False,10.2
518227,22549,PICTURE DOMINOES,2,2010-08-05 14:57:00,1.45,15271.0,United Kingdom,online_retail_II,False,2.9
518857,22562,MONSTERS STENCIL CRAFT,1,2010-08-12 12:33:00,1.25,15719.0,United Kingdom,online_retail_II,False,1.25
543984,22976,CIRCUS PARADE CHILDRENS EGG CUP ,12,2011-02-15 09:35:00,1.25,15601.0,United Kingdom,online_retail_I,False,15.0
562893,23252,VINTAGE RED ENAMEL TRIM JUG ,4,2011-08-10 12:25:00,3.75,17442.0,United Kingdom,online_retail_I,False,15.0
560879,20765,CHRYSANTHEMUM SKETCHBOOK ,4,2011-07-21 15:23:00,3.75,16654.0,United Kingdom,online_retail_I,False,15.0
518783,22423,REGENCY CAKESTAND 3 TIER,2,2010-08-11 16:44:00,12.75,16033.0,United Kingdom,online_retail_II,False,25.5
545105,20665,RED RETROSPOT PURSE ,12,2011-02-28 11:58:00,2.95,12598.0,France,online_retail_I,False,35.400000000000006
572994,23491,VINTAGE JINGLE BELLS HEART,2,2011-10-27 11:10:00,8.25,17684.0,United Kingdom,online_retail_I,False,16.5
559607,23235,STORAGE TIN VINTAGE LEAF,6,2011-07-11 11:39:00,2.89,12681.0,France,online_retail_I,False,17.34
514396,21165,BEWARE OF THE CAT METAL SIGN ,12,2010-07-02 12:04:00,1.69,14699.0,United Kingdom,online_retail_II,False,20.28
514679,82484,WOOD BLACK BOARD ANT WHITE FINISH,3,2010-07-05 13:46:00,6.45,16705.0,United Kingdom,online_retail_II,False,19.35
495363,21454,PAINTED PINK RABBIT ,12,2010-01-24 12:13:00,0.85,,United Kingdom,online_retail_II,False,10.2
494166,20969,RED FLORAL FELTCRAFT SHOULDER BAG,1,2010-01-12 09:47:00,7.62,,United Kingdom,online_retail_II,False,7.62
580729,23177,TREASURE ISLAND BOOK BOX,1,2011-12-05 17:24:00,4.58,,United Kingdom,online_retail_I,False,4.58
532449,22776,SWEETHEART CAKESTAND 3 TIER,1,2010-11-12 11:33:00,9.95,15476.0,United Kingdom,online_retail_II,False,9.95
519864,22346,PARTY PIZZA DISH GREEN RETROSPOT,3,2010-08-20 15:32:00,0.85,16401.0,United Kingdom,online_retail_II,False,2.55
529763,22195,LARGE HEART MEASURING SPOONS,2,2010-10-29 15:00:00,1.65,14081.0,United Kingdom,online_retail_II,False,3.3
533965,85150,LADIES & GENTLEMEN METAL SIGN,1,2010-11-19 13:06:00,5.06,,United Kingdom,online_retail_II,False,5.06
577297,22208,WOOD STAMP SET THANK YOU,1,2011-11-18 12:48:00,0.83,14593.0,United Kingdom,online_retail_I,False,0.83
511545,21936,RED RETROSPOT PICNIC BAG,5,2010-06-09 08:02:00,2.95,15179.0,United Kingdom,online_retail_II,False,14.75
531513,22310,IVORY KNITTED MUG COSY ,7,2010-11-08 16:31:00,1.65,18098.0,United Kingdom,online_retail_II,False,11.549999999999999
556284,23173,REGENCY TEAPOT ROSES ,2,2011-06-10 08:54:00,9.95,17115.0,United Kingdom,online_retail_I,False,19.9
550515,22128,PARTY CONES CANDY ASSORTED,6,2011-04-18 17:29:00,1.25,14502.0,United Kingdom,online_retail_I,False,7.5
574726,21733,RED HANGING HEART T-LIGHT HOLDER,2,2011-11-06 14:56:00,2.95,14664.0,United Kingdom,online_retail_I,False,5.9
542617,21683,MEDIUM MEDINA STAMPED METAL BOWL ,2,2011-01-30 15:48:00,2.95,17463.0,United Kingdom,online_retail_I,False,5.9
565847,22845,VINTAGE CREAM CAT FOOD CONTAINER,2,2011-09-07 12:44:00,12.46,,United Kingdom,online_retail_I,False,24.92
546891,22680,FRENCH BLUE METAL DOOR SIGN 5,2,2011-03-17 18:18:00,2.46,,United Kingdom,online_retail_I,False,4.92
540238,22074,6 RIBBONS SHIMMERING PINKS ,1,2011-01-05 14:44:00,0.85,,United Kingdom,online_retail_I,False,0.85
494386,21068,VINTAGE BILLBOARD LOVE/HATE MUG,2,2010-01-14 09:41:00,2.51,,United Kingdom,online_retail_II,False,5.02
532316,21867,PINK UNION JACK  LUGGAGE TAG,4,2010-11-11 14:54:00,1.25,14667.0,United Kingdom,online_retail_II,False,5.0
513778,22277,COSMETIC BAG VINTAGE ROSE PAISLEY,1,2010-06-28 14:05:00,2.1,17326.0,United Kingdom,online_retail_II,False,2.1
570179,22142,CHRISTMAS CRAFT WHITE FAIRY ,12,2011-10-07 14:27:00,1.45,17509.0,United Kingdom,online_retail_I,False,17.4
529837,21494,ROTATING LEAVES T-LIGHT HOLDER,1,2010-10-31 12:34:00,1.25,16784.0,United Kingdom,online_retail_II,False,1.25
545635,22851,SET 20 NAPKINS FAIRY CAKES DESIGN ,12,2011-03-04 12:14:00,0.85,13557.0,United Kingdom,online_retail_I,False,10.2
570690,21356,TOAST ITS - FAIRY FLOWER,1,2011-10-11 16:37:00,0.83,,United Kingdom,online_retail_I,False,0.83
575875,23290,SPACEBOY CHILDRENS BOWL,2,2011-11-11 13:06:00,2.46,,United Kingdom,online_retail_I,False,4.92
566016,22557,PLASTERS IN TIN VINTAGE PAISLEY ,12,2011-09-08 12:20:00,1.65,15144.0,United Kingdom,online_retail_I,False,19.799999999999997
561774,22659,LUNCH BOX I LOVE LONDON,2,2011-07-29 12:41:00,1.95,16729.0,United Kingdom,online_retail_I,False,3.9
514928,21155,RED SPOTTY PEG BAG,1,2010-07-07 11:21:00,4.21,,United Kingdom,online_retail_II,False,4.21
540278,21428,SET3 BOOK BOX GREEN GINGHAM FLOWER ,1,2011-01-06 12:31:00,4.25,15719.0,United Kingdom,online_retail_I,False,4.25
523010,22756,LARGE YELLOW BABUSHKA NOTEBOOK ,72,2010-09-20 10:05:00,1.06,13881.0,United Kingdom,online_retail_II,False,76.32000000000001
524869,71038,WHITE HANGING BEADS CANDLE HOLDER,4,2010-10-01 09:39:00,5.45,15081.0,United Kingdom,online_retail_II,False,21.8
517859,22119,PEACE WOODEN BLOCK LETTERS,3,2010-08-02 14:02:00,6.95,13357.0,United Kingdom,online_retail_II,False,20.85
550325,22832,BROCANTE SHELF WITH HOOKS,2,2011-04-17 13:04:00,10.75,15745.0,United Kingdom,online_retail_I,False,21.5
546778,22423,REGENCY CAKESTAND 3 TIER,2,2011-03-16 16:38:00,12.75,14572.0,United Kingdom,online_retail_I,False,25.5
537434,85131A,BEADED PEARL HEART WHITE ON STICK,1,2010-12-06 16:57:00,0.85,,United Kingdom,online_retail_I,False,0.85
523838,22583,PACK OF 6 HANDBAG GIFT BOXES,6,2010-09-24 12:08:00,2.55,14934.0,Channel Islands,online_retail_II,False,15.299999999999999
534859,21945,STRAWBERRIES  DESIGN FLANNEL ,1,2010-11-24 13:56:00,1.66,,United Kingdom,online_retail_II,False,1.66
538353,21700,BIG DOUGHNUT FRIDGE MAGNETS,2,2010-12-10 15:31:00,0.85,13798.0,United Kingdom,online_retail_I,False,1.7
574475,21544,SKULLS  WATER TRANSFER TATTOOS ,12,2011-11-04 12:18:00,0.85,14132.0,United Kingdom,online_retail_I,False,10.2
576600,22946,WOODEN ADVENT CALENDAR CREAM,1,2011-11-15 15:08:00,16.95,18181.0,United Kingdom,online_retail_I,False,16.95
538524,17012E,ORIGAMI OPIUM INCENSE/CANDLE SET ,1,2010-12-13 09:35:00,2.51,,United Kingdom,online_retail_I,False,2.51
506684,22379,RECYCLING BAG RETROSPOT ,40,2010-05-02 11:32:00,2.1,13093.0,United Kingdom,online_retail_II,False,84.0
571544,23300,GARDENERS KNEELING PAD CUP OF TEA ,1,2011-10-17 16:53:00,1.65,17757.0,United Kingdom,online_retail_I,False,1.65
513674,21688,SILVER PLATE CANDLE BOWL SMALL,6,2010-06-28 11:39:00,2.95,16012.0,United Kingdom,online_retail_II,False,17.700000000000003
571713,21125,SET 6 FOOTBALL CELEBRATION CANDLES,1,2011-10-18 16:58:00,1.25,,United Kingdom,online_retail_I,False,1.25
580136,22154,ANGEL DECORATION 3 BUTTONS ,8,2011-12-01 19:42:00,0.42,17841.0,United Kingdom,online_retail_I,False,3.36
531350,37482P,CUBIC MUG PINK POLKADOT,2,2010-11-07 13:31:00,2.55,12748.0,United Kingdom,online_retail_II,False,5.1
526383,22818,CARD CHRISTMAS VILLAGE,12,2010-10-11 12:33:00,0.42,14412.0,United Kingdom,online_retail_II,False,5.04
553387,90108,BLUE BLOSSOM HAIR CLIP,1,2011-05-16 16:33:00,2.46,,United Kingdom,online_retail_I,False,2.46
530124,22700,BLACK AND WHITE DOG BOWL,1,2010-11-01 15:14:00,2.95,13174.0,United Kingdom,online_retail_II,False,2.95
518477,85099F,JUMBO BAG STRAWBERRY,1,2010-08-09 12:05:00,1.95,15013.0,United Kingdom,online_retail_II,False,1.95
551775,21889,WOODEN BOX OF DOMINOES,12,2011-05-04 11:21:00,1.25,12886.0,United Kingdom,online_retail_I,False,15.0
504921,21126,SET OF 6 GIRLS CELEBRATION CANDLES,2,2010-04-19 10:43:00,2.51,,United Kingdom,online_retail_II,False,5.02
568650,23240,SET OF 4 KNICK KNACK TINS DOILY ,6,2011-09-28 11:56:00,4.15,13505.0,Switzerland,online_retail_I,False,24.900000000000002
543121,22231,JIGSAW TREE WITH BIRDHOUSE,12,2011-02-03 13:58:00,1.45,12662.0,Germany,online_retail_I,False,17.4
518138,21509,COWBOYS AND INDIANS BIRTHDAY CARD ,1,2010-08-04 15:48:00,0.85,,United Kingdom,online_retail_II,False,0.85
561214,22605,WOODEN CROQUET GARDEN SET,1,2011-07-25 17:00:00,24.96,,United Kingdom,online_retail_I,False,24.96
574476,23480,MINI LIGHTS WOODLAND MUSHROOMS,2,2011-11-04 12:20:00,3.75,17203.0,United Kingdom,online_retail_I,False,7.5
504572,84520B,PACK 20 ENGLISH ROSE PAPER NAPKINS,12,2010-04-14 14:49:00,0.85,18057.0,United Kingdom,online_retail_II,False,10.2
520713,82599,FANNY'S REST STOPMETAL SIGN,12,2010-08-29 13:49:00,2.1,15722.0,United Kingdom,online_retail_II,False,25.200000000000003
536841,22775,PURPLE DRAWERKNOB ACRYLIC EDWARDIAN,12,2010-12-02 18:27:00,1.25,16150.0,United Kingdom,online_retail_I,False,15.0
576874,85150,LADIES & GENTLEMEN METAL SIGN,12,2011-11-16 16:30:00,2.55,15432.0,United Kingdom,online_retail_I,False,30.599999999999998
553542,21928,JUMBO BAG SCANDINAVIAN BLUE PAISLEY,1,2011-05-17 15:34:00,4.13,,United Kingdom,online_retail_I,False,4.13
537823,22974,CHILDRENS DOLLY GIRL MUG,1,2010-12-08 14:25:00,3.36,,United Kingdom,online_retail_I,False,3.36
495009,21447,12 IVORY ROSE PEG PLACE SETTINGS,1,2010-01-20 12:33:00,1.25,15812.0,United Kingdom,online_retail_II,False,1.25
498504,21186,WHITE DOVE HONEYCOMB PAPER GARLAND,250,2010-02-19 11:29:00,1.45,12931.0,United Kingdom,online_retail_II,False,362.5
578914,23313,VINTAGE CHRISTMAS BUNTING,2,2011-11-27 11:54:00,4.95,13782.0,United Kingdom,online_retail_I,False,9.9
562387,22952,60 CAKE CASES VINTAGE CHRISTMAS,24,2011-08-04 15:51:00,0.55,13402.0,United Kingdom,online_retail_I,False,13.200000000000001
508383,21535,RED RETROSPOT SMALL MILK JUG,1,2010-05-14 14:18:00,2.55,15311.0,United Kingdom,online_retail_II,False,2.55
534059,21900,"KEY FOB , SHED",2,2010-11-21 10:49:00,0.65,17796.0,United Kingdom,online_retail_II,False,1.3
559051,23226,FILIGREE HEART DAISY WHITE,1,2011-07-05 16:47:00,2.46,,United Kingdom,online_retail_I,False,2.46
539451,21648,ASSORTED TUTTI FRUTTI SMALL PURSE,1,2010-12-17 16:59:00,2.51,,United Kingdom,online_retail_I,False,2.51
494495,21578,WOODLAND DESIGN  COTTON TOTE BAG,9,2010-01-14 17:43:00,2.51,,United Kingdom,online_retail_II,False,22.589999999999996
571257,20654,FIRST CLASS LUGGAGE TAG ,1,2011-10-14 17:17:00,2.46,,United Kingdom,online_retail_I,False,2.46
578065,21167,WHITE SAGE INCENSE,10,2011-11-22 15:41:00,0.42,,United Kingdom,online_retail_I,False,4.2
564758,22907,PACK OF 20 NAPKINS PANTRY DESIGN,2,2011-08-30 10:39:00,1.63,,United Kingdom,online_retail_I,False,3.26
506982,21955,DOOR MAT UNION JACK GUNS AND ROSES,2,2010-05-05 13:17:00,7.49,17230.0,United Kingdom,online_retail_II,False,14.98
553120,22501,PICNIC BASKET WICKER LARGE,2,2011-05-13 12:12:00,9.95,17139.0,United Kingdom,online_retail_I,False,19.9
560363,22236,CAKE STAND 3 TIER MAGIC GARDEN,1,2011-07-18 12:05:00,12.75,12589.0,France,online_retail_I,False,12.75
492804,17164D,ASS COL SMALL SAND FROG P'WEIGHT,36,2009-12-20 12:10:00,0.42,15456.0,United Kingdom,online_retail_II,False,15.12
547386,22326,ROUND SNACK BOXES SET OF4 WOODLAND ,1,2011-03-22 15:52:00,5.79,,United Kingdom,online_retail_I,False,5.79
569545,21523,DOORMAT FANCY FONT HOME SWEET HOME,3,2011-10-04 16:37:00,15.79,,United Kingdom,online_retail_I,False,47.37
572326,22086,PAPER CHAIN KIT 50'S CHRISTMAS ,120,2011-10-24 09:55:00,2.55,14607.0,United Kingdom,online_retail_I,False,306.0
563195,22507,MEMO BOARD RETROSPOT  DESIGN,1,2011-08-12 16:36:00,10.79,,United Kingdom,online_retail_I,False,10.79
580295,21012,ANTIQUE ALL GLASS CANDLESTICK,1,2011-12-02 13:49:00,2.1,17841.0,United Kingdom,online_retail_I,False,2.1
564534,21916,SET 12 RETRO WHITE CHALK STICKS,1,2011-08-25 15:09:00,0.42,12748.0,United Kingdom,online_retail_I,False,0.42
519196,21977,PACK OF 60 PINK PAISLEY CAKE CASES,30,2010-08-13 18:25:00,2.13,,United Kingdom,online_retail_II,False,63.9
492950,21429,RED GINGHAM ROSE JEWELLERY BOX,16,2009-12-21 14:52:00,1.65,12471.0,Germany,online_retail_II,False,26.4
536028,21824,PAINTED METAL STAR WITH HOLLY BELLS,5,2010-11-29 16:32:00,1.45,15555.0,United Kingdom,online_retail_II,False,7.25
541684,22295,HEART FILIGREE DOVE LARGE,13,2011-01-20 15:22:00,1.65,15498.0,United Kingdom,online_retail_I,False,21.45
520230,48138,DOORMAT UNION FLAG,2,2010-08-25 10:25:00,7.49,14401.0,United Kingdom,online_retail_II,False,14.98
501140,21931,JUMBO STORAGE BAG SUKI,4,2010-03-14 12:18:00,1.95,16911.0,United Kingdom,online_retail_II,False,7.8
572461,85123A,WHITE HANGING HEART T-LIGHT HOLDER,1,2011-10-24 12:56:00,2.95,17344.0,United Kingdom,online_retail_I,False,2.95
494016,90188,DROP EARRINGS W FLOWER & LEAF,1,2010-01-11 09:35:00,2.59,,United Kingdom,online_retail_II,False,2.59
516964,84970L,SINGLE HEART ZINC T-LIGHT HOLDER,144,2010-07-26 09:12:00,0.79,16210.0,United Kingdom,online_retail_II,False,113.76
499839,22657,,5,2010-03-02 16:17:00,0.0,,United Kingdom,online_retail_II,False,0.0
572520,23435,3 RAFFIA RIBBONS VINTAGE CHRISTMAS,10,2011-10-24 15:05:00,0.79,13165.0,United Kingdom,online_retail_I,False,7.9
540907,22699,ROSES REGENCY TEACUP AND SAUCER ,6,2011-01-12 11:52:00,2.95,13488.0,United Kingdom,online_retail_I,False,17.700000000000003
551997,84754,S/15 SILVER GLASS BAUBLES IN BAG,1,2011-05-05 15:47:00,2.46,,United Kingdom,online_retail_I,False,2.46
494875,21518,BANK ACCOUNT  GREETING  CARD ,72,2010-01-19 12:31:00,0.36,17511.0,United Kingdom,online_retail_II,False,25.919999999999998
496333,21905,MORE BUTTER METAL SIGN ,1,2010-01-31 14:25:00,2.1,15338.0,United Kingdom,online_retail_II,False,2.1
576339,21820,GLITTER HEART GARLAND WITH BELLS ,1,2011-11-14 15:27:00,7.46,14096.0,United Kingdom,online_retail_I,False,7.46
530953,21156,RETROSPOT CHILDRENS APRON,4,2010-11-04 18:42:00,1.95,18168.0,United Kingdom,online_retail_II,False,7.8
532613,22865,HAND WARMER OWL DESIGN,6,2010-11-12 15:20:00,5.06,,United Kingdom,online_retail_II,False,30.36
526924,21094,SET/6 RED SPOTTY PAPER PLATES,4,2010-10-13 16:58:00,0.85,17180.0,United Kingdom,online_retail_II,False,3.4
555545,20719,WOODLAND CHARLOTTE BAG,10,2011-06-05 13:08:00,0.85,17735.0,United Kingdom,online_retail_I,False,8.5
545221,22960,JAM MAKING SET WITH JARS,6,2011-03-01 08:35:00,4.25,14740.0,United Kingdom,online_retail_I,False,25.5
563638,21175,GIN + TONIC DIET METAL SIGN,2,2011-08-18 10:36:00,2.55,15311.0,United Kingdom,online_retail_I,False,5.1
556426,23238,SET OF 4 KNICK KNACK TINS LONDON ,4,2011-06-10 13:18:00,4.15,16729.0,United Kingdom,online_retail_I,False,16.6
509422,21415,CLAM SHELL SMALL ,2,2010-05-23 13:03:00,2.1,14249.0,United Kingdom,online_retail_II,False,4.2
511990,22132,RED LOVE HEART SHAPE CUP,2,2010-06-11 15:03:00,0.85,13601.0,United Kingdom,online_retail_II,False,1.7
532595,22603,CHRISTMAS RETROSPOT TREE WOOD,2,2010-11-12 14:51:00,0.85,14690.0,United Kingdom,online_retail_II,False,1.7
553505,47566,PARTY BUNTING,4,2011-05-17 13:27:00,4.95,12949.0,United Kingdom,online_retail_I,False,19.8
541530,21314,SMALL GLASS HEART TRINKET POT,8,2011-01-19 10:56:00,2.1,14769.0,United Kingdom,online_retail_I,False,16.8
498435,85203,HANGING WOOD AND FELT BUTTERFLY ,4,2010-02-18 18:29:00,0.42,14686.0,United Kingdom,online_retail_II,False,1.68
530427,20981,12 PENCILS TALL TUBE WOODLAND,1,2010-11-03 10:28:00,0.85,17894.0,United Kingdom,online_retail_II,False,0.85
537252,22197,SMALL POPCORN HOLDER,31,2010-12-06 10:46:00,0.85,,United Kingdom,online_retail_I,False,26.349999999999998
579572,85099C,JUMBO  BAG BAROQUE BLACK WHITE,10,2011-11-30 11:49:00,2.08,15394.0,United Kingdom,online_retail_I,False,20.8
521767,22483,RED GINGHAM TEDDY BEAR ,2,2010-09-08 11:56:00,2.95,15752.0,United Kingdom,online_retail_II,False,5.9
493925,47556B,TEA TIME TEA TOWELS ,6,2010-01-08 11:25:00,2.95,15827.0,United Kingdom,online_retail_II,False,17.700000000000003
528329,22469,HEART OF WICKER SMALL,2,2010-10-21 13:23:00,1.65,13891.0,United Kingdom,online_retail_II,False,3.3
560115,22255,FELT TOADSTOOL  SMALL,2,2011-07-15 10:05:00,0.85,17841.0,United Kingdom,online_retail_I,False,1.7
570187,85123A,WHITE HANGING HEART T-LIGHT HOLDER,2,2011-10-07 15:09:00,5.79,,United Kingdom,online_retail_I,False,11.58
568066,23307,SET OF 60 PANTRY DESIGN CAKE CASES ,1,2011-09-23 13:48:00,0.55,14529.0,United Kingdom,online_retail_I,False,0.55
546972,84997d,CHILDRENS CUTLERY POLKADOT PINK,5,2011-03-18 12:04:00,8.29,,United Kingdom,online_retail_I,False,41.449999999999996
569903,21263,GREEN GOOSE FEATHER TREE 60CM,12,2011-10-06 16:25:00,1.95,13892.0,United Kingdom,online_retail_I,False,23.4
566227,20685,DOORMAT RED RETROSPOT,10,2011-09-11 10:42:00,7.08,14258.0,United Kingdom,online_retail_I,False,70.8
490014,21544,SKULLS  WATER TRANSFER TATTOOS ,10,2009-12-03 12:28:00,0.85,15466.0,United Kingdom,online_retail_II,False,8.5
567866,22417,PACK OF 60 SPACEBOY CAKE CASES,4,2011-09-22 14:13:00,0.55,16669.0,United Kingdom,online_retail_I,False,2.2
502728,22350,CAT BOWL ,6,2010-03-26 11:37:00,2.55,18188.0,United Kingdom,online_retail_II,False,15.299999999999999
555277,85039B,S/4 IVORY MINI ROSE CANDLE IN BOWL,3,2011-06-01 17:30:00,1.63,,United Kingdom,online_retail_I,False,4.89
537050,22620,4 TRADITIONAL SPINNING TOPS,5,2010-12-05 11:10:00,1.25,14800.0,United Kingdom,online_retail_I,False,6.25
572882,22964,3 PIECE SPACEBOY COOKIE CUTTER SET,6,2011-10-26 13:36:00,2.1,18226.0,United Kingdom,online_retail_I,False,12.600000000000001
580515,22994,TRAVEL CARD WALLET RETROSPOT,24,2011-12-04 14:09:00,0.42,17750.0,United Kingdom,online_retail_I,False,10.08
545897,21846,PINK DIAMANTE PEN IN GIFT BOX,1,2011-03-07 17:22:00,4.13,,United Kingdom,online_retail_I,False,4.13
531690,22952,60 CAKE CASES VINTAGE CHRISTMAS,22,2010-11-09 11:49:00,2.13,,United Kingdom,online_retail_II,False,46.86
519783,21704,BAG 250g SWIRLY MARBLES,3,2010-08-20 11:45:00,0.85,16562.0,United Kingdom,online_retail_II,False,2.55
530434,22766,PHOTO FRAME CORNICE,48,2010-11-03 10:47:00,2.55,17511.0,United Kingdom,online_retail_II,False,122.39999999999999
573421,22197,POPCORN HOLDER,100,2011-10-31 09:50:00,0.72,14292.0,United Kingdom,online_retail_I,False,72.0
511783,21524,DOOR MAT SPOTTY HOME SWEET HOME,1,2010-06-10 13:17:00,7.49,16713.0,United Kingdom,online_retail_II,False,7.49
C562375,22945,CHRISTMAS METAL TAGS ASSORTED ,-144,2011-08-04 14:46:00,0.72,14911.0,EIRE,online_retail_I,True,-103.67999999999999
527827,21485,RETROSPOT HEART HOT WATER BOTTLE,3,2010-10-19 11:24:00,4.95,17676.0,United Kingdom,online_retail_II,False,14.850000000000001
544907,22087,PAPER BUNTING WHITE LACE,6,2011-02-24 14:15:00,2.95,12945.0,United Kingdom,online_retail_I,False,17.700000000000003
506964,84380,SET OF 3 BUTTERFLY COOKIE CUTTERS,12,2010-05-05 12:31:00,1.25,17920.0,United Kingdom,online_retail_II,False,15.0
560239,21977,PACK OF 60 PINK PAISLEY CAKE CASES,24,2011-07-17 11:50:00,0.55,13507.0,United Kingdom,online_retail_I,False,13.200000000000001
570187,23393,HOME SWEET HOME CUSHION COVER ,1,2011-10-07 15:09:00,10.79,,United Kingdom,online_retail_I,False,10.79
552284,21936,RED RETROSPOT PICNIC BAG,20,2011-05-08 12:48:00,2.95,18149.0,United Kingdom,online_retail_I,False,59.0
577358,21385,IVORY HANGING DECORATION  HEART,1,2011-11-18 15:59:00,1.63,,United Kingdom,online_retail_I,False,1.63
490685,22114,HOT WATER BOTTLE TEA AND SYMPATHY,4,2009-12-07 13:48:00,3.95,13206.0,United Kingdom,online_retail_II,False,15.8
507421,21467,CHERRY CROCHET FOOD COVER,1,2010-05-09 15:07:00,3.75,12748.0,United Kingdom,online_retail_II,False,3.75
500715,84970S,HANGING HEART ZINC T-LIGHT HOLDER,12,2010-03-09 14:32:00,0.85,16854.0,United Kingdom,online_retail_II,False,10.2
553890,21933,PINK VINTAGE PAISLEY PICNIC BAG,2,2011-05-19 16:32:00,2.46,,United Kingdom,online_retail_I,False,4.92
566245,21165,BEWARE OF THE CAT METAL SIGN ,12,2011-09-11 11:59:00,1.69,13426.0,United Kingdom,online_retail_I,False,20.28
489912,82607A,GLASS BONBON JAR PARFUME AUX FLEURE,6,2009-12-03 10:26:00,1.25,13931.0,United Kingdom,online_retail_II,False,7.5
550796,22963,JAM JAR WITH GREEN LID,2,2011-04-20 14:38:00,0.85,17211.0,United Kingdom,online_retail_I,False,1.7
502915,21871,SAVE THE PLANET MUG,3,2010-03-29 13:36:00,1.25,17920.0,United Kingdom,online_retail_II,False,3.75
561513,20712,JUMBO BAG WOODLAND ANIMALS,1,2011-07-27 15:12:00,4.13,,United Kingdom,online_retail_I,False,4.13
504318,21590,KINGS CHOICE CIGAR BOX MATCHES ,1,2010-04-12 14:48:00,1.25,15466.0,United Kingdom,online_retail_II,False,1.25
569409,21137,BLACK RECORD COVER FRAME,24,2011-10-04 09:38:00,3.39,14110.0,United Kingdom,online_retail_I,False,81.36
544089,22630,DOLLY GIRL LUNCH BOX,2,2011-02-15 17:51:00,1.95,,United Kingdom,online_retail_I,False,3.9
512827,22386,JUMBO BAG PINK WITH WHITE SPOTS,20,2010-06-18 11:34:00,1.95,15981.0,United Kingdom,online_retail_II,False,39.0
529818,21080,SET/20 RED RETROSPOT PAPER NAPKINS ,2,2010-10-31 11:22:00,0.85,14087.0,United Kingdom,online_retail_II,False,1.7
545695,22557,PLASTERS IN TIN VINTAGE PAISLEY ,4,2011-03-06 14:15:00,1.65,17050.0,United Kingdom,online_retail_I,False,6.6
565419,21136,PAINTED METAL PEARS ASSORTED,8,2011-09-04 12:07:00,1.69,13808.0,United Kingdom,online_retail_I,False,13.52
491970,21232,STRAWBERRY CERAMIC TRINKET BOX,14,2009-12-14 18:03:00,2.57,,United Kingdom,online_retail_II,False,35.98
532823,22570,FELTCRAFT CUSHION RABBIT,8,2010-11-15 09:02:00,3.75,16126.0,United Kingdom,online_retail_II,False,30.0
566219,22986,WRAP GINGHAM ROSE ,25,2011-09-09 15:51:00,0.42,17426.0,United Kingdom,online_retail_I,False,10.5
574824,23342,MINT DINER WALL CLOCK,2,2011-11-07 10:43:00,8.5,13097.0,United Kingdom,online_retail_I,False,17.0
558118,85014a,BLACK/BLUE POLKADOT UMBRELLA,1,2011-06-27 09:11:00,12.46,,United Kingdom,online_retail_I,False,12.46
543461,82580,BATHROOM METAL SIGN,2,2011-02-08 13:35:00,1.25,,United Kingdom,online_retail_I,False,2.5
535341,22910,PAPER CHAIN KIT VINTAGE CHRISTMAS,12,2010-11-25 16:31:00,2.95,13995.0,United Kingdom,online_retail_II,False,35.400000000000006
541115,22379,RECYCLING BAG RETROSPOT ,5,2011-01-13 15:34:00,2.1,12578.0,Italy,online_retail_I,False,10.5
497692,84077,WORLD WAR 2 GLIDERS ASSTD DESIGNS,48,2010-02-11 15:32:00,0.21,15807.0,United Kingdom,online_retail_II,False,10.08
513574,15036,ASSORTED COLOURS SILK FAN,3,2010-06-25 15:13:00,1.28,,United Kingdom,online_retail_II,False,3.84
556813,23207,LUNCH BAG ALPHABET DESIGN,1,2011-06-14 17:28:00,4.13,,United Kingdom,online_retail_I,False,4.13
522542,48189,DOORMAT FRIENDSHIP ,1,2010-09-15 11:53:00,7.95,16406.0,United Kingdom,online_retail_II,False,7.95
554648,22630,DOLLY GIRL LUNCH BOX,12,2011-05-25 12:44:00,1.95,12562.0,France,online_retail_I,False,23.4
499960,22293,"SPRING DEC , HANGING CHICK  GREEN",24,2010-03-03 12:54:00,1.45,13294.0,United Kingdom,online_retail_II,False,34.8
525715,22569,FELTCRAFT CUSHION BUTTERFLY,4,2010-10-06 14:31:00,3.75,16307.0,United Kingdom,online_retail_II,False,15.0
517069,21429,RED GINGHAM ROSE JEWELLERY BOX,2,2010-07-26 13:50:00,1.65,15015.0,United Kingdom,online_retail_II,False,3.3
572073,23355,HOT WATER BOTTLE KEEP CALM,2,2011-10-20 13:46:00,4.95,13263.0,United Kingdom,online_retail_I,False,9.9
501161,84360,TABLE LAMP WHITE SHADE WOOD BASE,1,2010-03-15 09:28:00,13.57,,United Kingdom,online_retail_II,False,13.57
553766,21700,BIG DOUGHNUT FRIDGE MAGNETS,1,2011-05-19 10:44:00,8.29,,United Kingdom,online_retail_I,False,8.29
534289,22592,CARDHOLDER HOLLY WREATH METAL,1,2010-11-22 11:25:00,7.62,,United Kingdom,online_retail_II,False,7.62
536945,84569B,PACK 3 FIRE ENGINE/CAR PATCHES,1,2010-12-03 12:24:00,1.25,14083.0,United Kingdom,online_retail_I,False,1.25
495304,84869,CANDY BUTTON PHOTO ALBUM,12,2010-01-22 13:52:00,1.95,14156.0,EIRE,online_retail_II,False,23.4
533597,21328,BALLOONS  WRITING SET ,6,2010-11-18 12:21:00,1.65,15353.0,United Kingdom,online_retail_II,False,9.899999999999999
577768,22197,POPCORN HOLDER,23,2011-11-21 15:18:00,1.63,,United Kingdom,online_retail_I,False,37.489999999999995
569343,85152,HAND OVER THE CHOCOLATE   SIGN ,144,2011-10-03 14:34:00,1.49,18102.0,United Kingdom,online_retail_I,False,214.56
546009,22168,ORGANISER WOOD ANTIQUE WHITE ,6,2011-03-08 15:45:00,8.5,16426.0,United Kingdom,online_retail_I,False,51.0
521974,20953,PORCELAIN CHERUB BELL LARGE,3,2010-09-09 19:56:00,1.65,15861.0,United Kingdom,online_retail_II,False,4.949999999999999
537126,21623,VINTAGE UNION JACK MEMOBOARD,1,2010-12-05 12:13:00,9.95,18118.0,United Kingdom,online_retail_I,False,9.95
565841,22597,MUSICAL ZINC HEART DECORATION ,3,2011-09-07 12:04:00,1.63,,United Kingdom,online_retail_I,False,4.89
576851,72807B,SET/3 OCEAN SCENT CANDLE JEWEL BOX,1,2011-11-16 15:41:00,4.25,15967.0,United Kingdom,online_retail_I,False,4.25
496900,22128,PARTY CONES CANDY ASSORTED,12,2010-02-04 14:19:00,1.25,17138.0,United Kingdom,online_retail_II,False,15.0
570593,22577,WOODEN HEART CHRISTMAS SCANDINAVIAN,48,2011-10-11 11:38:00,0.29,18180.0,United Kingdom,online_retail_I,False,13.919999999999998
510331,22637,PIGGY BANK RETROSPOT ,6,2010-05-28 13:57:00,2.55,13081.0,United Kingdom,online_retail_II,False,15.299999999999999
558993,21136,PAINTED METAL PEARS ASSORTED,16,2011-07-05 11:49:00,1.69,16729.0,United Kingdom,online_retail_I,False,27.04
567126,23203,JUMBO BAG VINTAGE DOILY ,2,2011-09-16 13:53:00,2.08,17238.0,United Kingdom,online_retail_I,False,4.16
537643,84884a,ANT WHITE WIRE HEART SPIRAL,1,2010-12-07 15:34:00,8.47,,United Kingdom,online_retail_I,False,8.47
577526,84997D,CHILDRENS CUTLERY POLKADOT PINK,8,2011-11-20 13:39:00,4.15,16513.0,United Kingdom,online_retail_I,False,33.2
543037,POST,POSTAGE,1,2011-02-02 16:01:00,40.0,12350.0,Norway,online_retail_I,False,40.0
535319,22488,NATURAL SLATE RECTANGLE CHALKBOARD,12,2010-11-25 15:02:00,1.65,13458.0,United Kingdom,online_retail_II,False,19.799999999999997
559665,35645,VINTAGE BEAD PINK JEWEL BOX,2,2011-07-11 13:35:00,4.25,12556.0,Spain,online_retail_I,False,8.5
517454,22329,ROUND CONTAINER SET OF 5 RETROSPOT,1,2010-07-29 11:22:00,3.36,,United Kingdom,online_retail_II,False,3.36
544824,20685,DOORMAT RED RETROSPOT,10,2011-02-24 09:32:00,6.75,17139.0,United Kingdom,online_retail_I,False,67.5
539046,21192,WHITE BELL HONEYCOMB PAPER ,5,2010-12-15 15:50:00,1.65,17980.0,United Kingdom,online_retail_I,False,8.25
515944,22365,DOORMAT RESPECTABLE HOUSE,300,2010-07-15 15:29:00,4.58,18102.0,United Kingdom,online_retail_II,False,1374.0
507150,21906,PHARMACIE FIRST AID TIN,2,2010-05-06 13:13:00,6.75,13175.0,United Kingdom,online_retail_II,False,13.5
517738,22568,FELTCRAFT CUSHION OWL,2,2010-08-01 14:35:00,3.75,16611.0,United Kingdom,online_retail_II,False,7.5
521161,POST,POSTAGE,1,2010-09-02 14:21:00,15.0,12788.0,Netherlands,online_retail_II,False,15.0
548166,21169,YOU'RE CONFUSING ME METAL SIGN ,1,2011-03-29 13:45:00,4.13,,United Kingdom,online_retail_I,False,4.13
559817,20707,CRAZY DAISY HEART DECORATION,2,2011-07-12 16:20:00,0.83,,United Kingdom,online_retail_I,False,1.66
C495502,47367B,PAIR PADDED HANGERS PINK CHECK,-1,2010-01-25 12:35:00,3.75,12644.0,Germany,online_retail_II,True,-3.75
571302,72741,GRAND CHOCOLATECANDLE,216,2011-10-17 09:07:00,1.25,12989.0,United Kingdom,online_retail_I,False,270.0
569568,23202,JUMBO BAG VINTAGE LEAF,10,2011-10-05 09:57:00,2.08,12700.0,France,online_retail_I,False,20.8
503719,22415,WHITE TISSUE REAM,1,2010-04-06 15:16:00,7.95,15867.0,United Kingdom,online_retail_II,False,7.95
531734,22456,NATURAL SLATE CHALKBOARD LARGE ,2,2010-11-09 12:27:00,4.95,15719.0,United Kingdom,online_retail_II,False,9.9
502892,22443,GROW YOUR OWN HERBS SET OF 3,3,2010-03-29 11:42:00,7.95,17419.0,United Kingdom,online_retail_II,False,23.85
492548,21640,ASSORTED TUTTI FRUTTI  FOB NOTEBOOK,1,2009-12-17 14:14:00,0.85,,United Kingdom,online_retail_II,False,0.85
570465,23521,WALL ART CAT AND BIRD ,1,2011-10-10 16:02:00,5.79,,United Kingdom,online_retail_I,False,5.79
568382,21809,CHRISTMAS HANGING TREE WITH BELL,48,2011-09-27 09:33:00,0.39,13499.0,United Kingdom,online_retail_I,False,18.72
560926,23343,JUMBO BAG VINTAGE CHRISTMAS ,1,2011-07-22 09:20:00,4.13,,United Kingdom,online_retail_I,False,4.13
556495,21899,"KEY FOB , GARAGE DESIGN",1,2011-06-12 15:14:00,0.65,18069.0,United Kingdom,online_retail_I,False,0.65
564853,21680,WOODLAND  STICKERS,12,2011-08-31 08:55:00,0.85,12423.0,Belgium,online_retail_I,False,10.2
552234,22994,TRAVEL CARD WALLET RETROSPOT,1,2011-05-06 16:01:00,0.83,,United Kingdom,online_retail_I,False,0.83
547515,47566,PARTY BUNTING,8,2011-03-23 14:02:00,4.95,13267.0,United Kingdom,online_retail_I,False,39.6
491683,85123A,WHITE HANGING HEART T-LIGHT HOLDER,1,2009-12-13 12:36:00,2.95,17539.0,United Kingdom,online_retail_II,False,2.95
514198,15036,ASSORTED COLOURS SILK FAN,9,2010-06-30 15:55:00,1.28,,United Kingdom,online_retail_II,False,11.52
581579,23350,ROLL WRAP VINTAGE SPOT ,25,2011-12-09 12:19:00,1.25,17581.0,United Kingdom,online_retail_I,False,31.25
541839,22620,4 TRADITIONAL SPINNING TOPS,2,2011-01-23 11:15:00,1.25,17769.0,United Kingdom,online_retail_I,False,2.5
555650,23096,PETIT TRAY CHIC,72,2011-06-06 13:48:00,1.45,14156.0,EIRE,online_retail_I,False,104.39999999999999
516131,22593,CHRISTMAS GINGHAM STAR,144,2010-07-16 15:26:00,0.72,12709.0,Germany,online_retail_II,False,103.67999999999999
561079,20718,RED RETROSPOT SHOPPER BAG,3,2011-07-24 16:12:00,1.25,13956.0,United Kingdom,online_retail_I,False,3.75
546212,21756,BATH BUILDING BLOCK WORD,18,2011-03-10 11:33:00,5.45,14156.0,EIRE,online_retail_I,False,98.10000000000001
537764,22141,CHRISTMAS CRAFT TREE TOP ANGEL,1,2010-12-08 12:06:00,2.1,16893.0,United Kingdom,online_retail_I,False,2.1
580729,85034B,3 WHITE CHOC MORRIS BOXED CANDLES,2,2011-12-05 17:24:00,8.29,,United Kingdom,online_retail_I,False,16.58
530426,48111,DOORMAT 3 SMILEY CATS,2,2010-11-03 10:20:00,7.95,14911.0,EIRE,online_retail_II,False,15.9
507600,20657,TROPICAL LUGGAGE TAG,6,2010-05-10 13:28:00,1.25,12917.0,United Kingdom,online_retail_II,False,7.5
496301,21245,GREEN  SPOTTY PLATE ,8,2010-01-31 11:01:00,1.69,16718.0,United Kingdom,online_retail_II,False,13.52
573287,22595,GINGHAM HEART DECORATION,12,2011-10-28 14:42:00,0.85,14194.0,United Kingdom,online_retail_I,False,10.2
509175,84656,WHITE ROSE C/COVER,2,2010-05-20 16:05:00,5.95,15768.0,United Kingdom,online_retail_II,False,11.9
528853,21114,LAVENDER SCENTED FABRIC HEART,20,2010-10-25 10:41:00,1.25,12481.0,Germany,online_retail_II,False,25.0
519607,90211B,JET BLACK LAS VEGAS NECKLACE 45CM,2,2010-08-18 16:21:00,5.95,14505.0,United Kingdom,online_retail_II,False,11.9
535952,21116,OWL DOORSTOP,1,2010-11-29 12:06:00,8.47,,United Kingdom,online_retail_II,False,8.47
534743,22755,SMALL PURPLE BABUSHKA NOTEBOOK ,3,2010-11-24 09:37:00,0.85,17894.0,United Kingdom,online_retail_II,False,2.55
489870,21989,PACK OF 20 SKULL PAPER NAPKINS,40,2009-12-02 15:16:00,0.85,15523.0,United Kingdom,online_retail_II,False,34.0
534399,21915,RED  HARMONICA IN BOX ,12,2010-11-22 13:30:00,1.25,15570.0,United Kingdom,online_retail_II,False,15.0
514530,84665,SQUARE CHERRY BLOSSOM CABINET,2,2010-07-05 09:59:00,5.95,17850.0,United Kingdom,online_retail_II,False,11.9
577768,23012,GLASS APOTHECARY BOTTLE PERFUME,1,2011-11-21 15:18:00,8.29,,United Kingdom,online_retail_I,False,8.29
495510,22273,FELTCRAFT DOLL MOLLY,1,2010-01-25 14:01:00,2.95,17841.0,United Kingdom,online_retail_II,False,2.95
535576,22899,CHILDREN'S APRON DOLLY GIRL ,6,2010-11-26 15:37:00,2.1,12865.0,Austria,online_retail_II,False,12.600000000000001
525291,21508,VINTAGE KID DOLLY CARD ,12,2010-10-05 08:50:00,0.42,15241.0,United Kingdom,online_retail_II,False,5.04
529994,21445,12 PINK ROSE PEG PLACE SETTINGS,1,2010-10-31 16:26:00,1.25,16984.0,United Kingdom,online_retail_II,False,1.25
537133,22197,SMALL POPCORN HOLDER,2,2010-12-05 12:29:00,0.85,18156.0,United Kingdom,online_retail_I,False,1.7
501716,20970,PINK FLORAL FELTCRAFT SHOULDER BAG,4,2010-03-19 10:27:00,3.75,13021.0,United Kingdom,online_retail_II,False,15.0
518673,22343,PARTY PIZZA DISH RED RETROSPOT,144,2010-08-10 16:10:00,0.72,14646.0,Netherlands,online_retail_II,False,103.67999999999999
547906,22260,FELT EGG COSY BLUE RABBIT ,4,2011-03-28 12:13:00,0.85,14410.0,United Kingdom,online_retail_I,False,3.4
540278,21931,JUMBO STORAGE BAG SUKI,1,2011-01-06 12:31:00,1.95,15719.0,United Kingdom,online_retail_I,False,1.95
539957,21175,GIN + TONIC DIET METAL SIGN,12,2010-12-23 12:58:00,2.1,12585.0,Germany,online_retail_I,False,25.200000000000003
507429,84997A,GREEN 3 PIECE MINI DOTS CUTLERY SET,4,2010-05-09 15:55:00,3.75,17372.0,United Kingdom,online_retail_II,False,15.0
507881,21787,RAIN PONCHO WITH RED SPOTS,1,2010-05-11 15:08:00,1.66,,United Kingdom,online_retail_II,False,1.66
507564,21897,POTTING SHED CANDLE CITRONELLA,6,2010-05-10 12:31:00,2.95,13711.0,United Kingdom,online_retail_II,False,17.700000000000003
534020,21098,CHRISTMAS TOILET ROLL,1,2010-11-19 14:40:00,1.25,15846.0,United Kingdom,online_retail_II,False,1.25
547962,85049D,BRIGHT BLUES RIBBONS ,12,2011-03-28 15:38:00,1.25,12957.0,United Kingdom,online_retail_I,False,15.0
534812,21018,BIRD BOX CHRISTMAS TREE DECORATION,2,2010-11-24 12:43:00,0.85,14458.0,United Kingdom,online_retail_II,False,1.7
548166,82580,BATHROOM METAL SIGN,1,2011-03-29 13:45:00,1.25,,United Kingdom,online_retail_I,False,1.25
534651,22554,PLASTERS IN TIN WOODLAND ANIMALS,1,2010-11-23 13:24:00,1.65,17974.0,United Kingdom,online_retail_II,False,1.65
489593,22086,PAPER CHAIN KIT 50'S CHRISTMAS ,4,2009-12-01 14:19:00,2.95,12836.0,United Kingdom,online_retail_II,False,11.8
527561,22062,CERAMIC BOWL WITH LOVE HEART DESIGN,3,2010-10-18 13:30:00,2.95,14606.0,United Kingdom,online_retail_II,False,8.850000000000001
550542,22501,PICNIC BASKET WICKER LARGE,1,2011-04-19 11:37:00,20.79,,United Kingdom,online_retail_I,False,20.79
567878,22097,SWALLOW SQUARE TISSUE BOX,4,2011-09-22 14:42:00,0.39,16910.0,United Kingdom,online_retail_I,False,1.56
490501,21094,SET/6 RED SPOTTY PAPER PLATES,16,2009-12-06 13:49:00,0.85,16710.0,United Kingdom,online_retail_II,False,13.6
567798,21172,PARTY METAL SIGN ,12,2011-09-22 12:00:00,1.45,13089.0,United Kingdom,online_retail_I,False,17.4
527827,22219,LOVEBIRD HANGING DECORATION WHITE ,12,2010-10-19 11:24:00,0.85,17676.0,United Kingdom,online_retail_II,False,10.2
532801,20941,FROG CANDLE,12,2010-11-14 14:54:00,1.25,17802.0,United Kingdom,online_retail_II,False,15.0
542398,22914,BLUE COAT RACK PARIS FASHION,2,2011-01-27 15:36:00,4.95,13174.0,United Kingdom,online_retail_I,False,9.9
579187,22608,PENS ASSORTED FUNKY JEWELED ,10,2011-11-28 15:31:00,0.42,,United Kingdom,online_retail_I,False,4.2
578926,21210,SET OF 72 RETROSPOT PAPER  DOILIES,1,2011-11-27 12:24:00,1.45,18156.0,United Kingdom,online_retail_I,False,1.45
561068,85066,CREAM SWEETHEART MINI CHEST,2,2011-07-24 14:33:00,12.75,13116.0,United Kingdom,online_retail_I,False,25.5
553013,84970L,SINGLE HEART ZINC T-LIGHT HOLDER,4,2011-05-12 18:19:00,2.08,,United Kingdom,online_retail_I,False,8.32
C512311,22428,ENAMEL FIRE BUCKET CREAM,-4,2010-06-14 17:08:00,6.95,16359.0,United Kingdom,online_retail_II,True,-27.8
506253,22444,GROW YOUR OWN PLANT IN A CAN ,24,2010-04-28 13:53:00,1.25,17346.0,United Kingdom,online_retail_II,False,30.0
491673,72134,COLUMBIAN  CUBE CANDLE ,2,2009-12-13 11:49:00,0.85,17085.0,United Kingdom,online_retail_II,False,1.7
570209,20992,JAZZ HEARTS PURSE NOTEBOOK,12,2011-10-09 10:29:00,0.39,16326.0,United Kingdom,online_retail_I,False,4.68
566434,22548,HEADS AND TAILS SPORTING FUN,6,2011-09-12 15:01:00,1.25,17090.0,United Kingdom,online_retail_I,False,7.5
514862,22439,6 ROCKET BALLOONS ,24,2010-07-07 09:36:00,0.65,16859.0,United Kingdom,online_retail_II,False,15.600000000000001
501556,20725,LUNCH BAG RED SPOTTY,10,2010-03-17 16:14:00,1.65,12921.0,United Kingdom,online_retail_II,False,16.5
519409,22028,PENNY FARTHING BIRTHDAY CARD,12,2010-08-17 09:59:00,0.42,13945.0,United Kingdom,online_retail_II,False,5.04
553074,72351A,SET/6 TURQUOISE BUTTERFLY T-LIGHTS,4,2011-05-13 11:45:00,2.1,15529.0,United Kingdom,online_retail_I,False,8.4
572303,22604,SET OF 4 NAPKIN CHARMS CUTLERY,6,2011-10-23 14:56:00,2.55,18109.0,United Kingdom,online_retail_I,False,15.299999999999999
519735,17014E,ORIGAMI OPIUM INCENSE CONES,89,2010-08-20 09:23:00,0.3,12433.0,Norway,online_retail_II,False,26.7
576593,23502,PLAYING CARDS VINTAGE DOILY ,1,2011-11-15 14:48:00,1.25,15720.0,United Kingdom,online_retail_I,False,1.25
565386,79336,LIGHT PINK FLOCK GLASS CANDLEHOLDER,6,2011-09-02 15:48:00,0.38,17997.0,United Kingdom,online_retail_I,False,2.2800000000000002
493183,21217,RED SPOTTY ROUND CAKE TINS,2,2009-12-22 12:03:00,9.95,12440.0,Austria,online_retail_II,False,19.9
550144,22502,PICNIC BASKET WICKER SMALL,1,2011-04-14 14:14:00,5.95,16520.0,United Kingdom,online_retail_I,False,5.95
566849,20982,12 PENCILS TALL TUBE SKULLS,24,2011-09-15 12:03:00,0.85,16341.0,United Kingdom,online_retail_I,False,20.4
558089,21499,BLUE POLKADOT WRAP,25,2011-06-26 12:36:00,0.42,13505.0,Switzerland,online_retail_I,False,10.5
498545,21609,SET 12 LAVENDER  BOTANICAL T-LIGHTS,1,2010-02-19 17:02:00,2.95,13191.0,United Kingdom,online_retail_II,False,2.95
